Assay,Gene,SampleID,Group,Batch,NPX
EGFR,EGFR,C01,Control,Batch1,8.32281233289705
EGFR,EGFR,C02,Control,Batch1,8.464283843965987
EGFR,EGFR,C03,Control,Batch1,8.621845281261308
EGFR,EGFR,C04,Control,Batch1,8.305552299657663
EGFR,EGFR,C05,Control,Batch1,8.30555525485701
EGFR,EGFR,C06,Control,Batch2,8.811958213899192
EGFR,EGFR,C07,Control,Batch2,8.665838158355387
EGFR,EGFR,C08,Control,Batch2,8.443194517639572
EGFR,EGFR,C09,Control,Batch2,8.625360714953336
EGFR,EGFR,C10,Control,Batch2,8.444284722401619
EGFR,EGFR,D01,Disease,Batch1,9.663868551465217
EGFR,EGFR,D02,Disease,Batch1,9.791253115989749
EGFR,EGFR,D03,Disease,Batch1,9.40330946306946
EGFR,EGFR,D04,Disease,Batch1,9.437214697255518
EGFR,EGFR,D05,Disease,Batch1,9.646488151844489
EGFR,EGFR,D06,Disease,Batch2,9.745390305447668
EGFR,EGFR,D07,Disease,Batch2,9.984264426975013
EGFR,EGFR,D08,Disease,Batch2,9.764255573514045
EGFR,EGFR,D09,Disease,Batch2,9.67348524086751
EGFR,EGFR,D10,Disease,Batch2,10.191516685513744
AKT1,AKT1,C01,Control,Batch1,7.854111666503251
AKT1,AKT1,C02,Control,Batch1,7.585501916141003
AKT1,AKT1,C03,Control,Batch1,7.743967699244892
AKT1,AKT1,C04,Control,Batch1,7.861922655807201
AKT1,AKT1,C05,Control,Batch1,7.634777745723411
AKT1,AKT1,C06,Control,Batch2,8.089582232961646
AKT1,AKT1,C07,Control,Batch2,7.91384162547404
AKT1,AKT1,C08,Control,Batch2,7.969451714696635
AKT1,AKT1,C09,Control,Batch2,7.913649399458134
AKT1,AKT1,C10,Control,Batch2,8.355366662871033
AKT1,AKT1,D01,Disease,Batch1,9.039527089206597
AKT1,AKT1,D02,Disease,Batch1,8.851568622447363
AKT1,AKT1,D03,Disease,Batch1,9.190014673837998
AKT1,AKT1,D04,Disease,Batch1,8.822204732664641
AKT1,AKT1,D05,Disease,Batch1,9.079552036760282
AKT1,AKT1,D06,Disease,Batch2,8.869215967361065
AKT1,AKT1,D07,Disease,Batch2,8.982883100857707
AKT1,AKT1,D08,Disease,Batch2,9.257391612115866
AKT1,AKT1,D09,Disease,Batch2,9.354880574058598
AKT1,AKT1,D10,Disease,Batch2,9.252802880273618
MAPK1,MAPK1,C01,Control,Batch1,7.864847537122159
MAPK1,MAPK1,C02,Control,Batch1,7.652912244062095
MAPK1,MAPK1,C03,Control,Batch1,7.789474244817184
MAPK1,MAPK1,C04,Control,Batch1,7.836131223555469
MAPK1,MAPK1,C05,Control,Batch1,8.109328203047635
MAPK1,MAPK1,C06,Control,Batch2,8.160897494450555
MAPK1,MAPK1,C07,Control,Batch2,7.78169897436294
MAPK1,MAPK1,C08,Control,Batch2,8.157381316819295
MAPK1,MAPK1,C09,Control,Batch2,8.029731391853295
MAPK1,MAPK1,C10,Control,Batch2,7.97720024227316
MAPK1,MAPK1,D01,Disease,Batch1,9.029147934319587
MAPK1,MAPK1,D02,Disease,Batch1,9.104626116377503
MAPK1,MAPK1,D03,Disease,Batch1,9.086676623769147
MAPK1,MAPK1,D04,Disease,Batch1,8.767987048148157
MAPK1,MAPK1,D05,Disease,Batch1,8.863387974675014
MAPK1,MAPK1,D06,Disease,Batch2,9.158673619980874
MAPK1,MAPK1,D07,Disease,Batch2,9.274644325210257
MAPK1,MAPK1,D08,Disease,Batch2,9.01279483951608
MAPK1,MAPK1,D09,Disease,Batch2,9.065627586528745
MAPK1,MAPK1,D10,Disease,Batch2,8.899905907007147
MTOR,MTOR,C01,Control,Batch1,7.308910011174486
MTOR,MTOR,C02,Control,Batch1,7.406778568286279
MTOR,MTOR,C03,Control,Batch1,7.1496935412590705
MTOR,MTOR,C04,Control,Batch1,7.343291284764095
MTOR,MTOR,C05,Control,Batch1,7.227749847652104
MTOR,MTOR,C06,Control,Batch2,7.226533807314608
MTOR,MTOR,C07,Control,Batch2,7.407706572135044
MTOR,MTOR,C08,Control,Batch2,7.619501945107404
MTOR,MTOR,C09,Control,Batch2,7.336206676103739
MTOR,MTOR,C10,Control,Batch2,7.6242912211900515
MTOR,MTOR,D01,Disease,Batch1,7.591101244407377
MTOR,MTOR,D02,Disease,Batch1,8.21059781393107
MTOR,MTOR,D03,Disease,Batch1,8.078323835426401
MTOR,MTOR,D04,Disease,Batch1,8.008834040059675
MTOR,MTOR,D05,Disease,Batch1,8.07917230291992
MTOR,MTOR,D06,Disease,Batch2,7.88489295851537
MTOR,MTOR,D07,Disease,Batch2,8.203114423332778
MTOR,MTOR,D08,Disease,Batch2,8.306935626015644
MTOR,MTOR,D09,Disease,Batch2,8.508676291197004
MTOR,MTOR,D10,Disease,Batch2,8.149366723854273
PIK3CA,PIK3CA,C01,Control,Batch1,7.343738210129552
PIK3CA,PIK3CA,C02,Control,Batch1,7.598826859161142
PIK3CA,PIK3CA,C03,Control,Batch1,7.493229677713512
PIK3CA,PIK3CA,C04,Control,Batch1,7.338697641296702
PIK3CA,PIK3CA,C05,Control,Batch1,
PIK3CA,PIK3CA,C06,Control,Batch2,7.631528436857415
PIK3CA,PIK3CA,C07,Control,Batch2,7.788410576270689
PIK3CA,PIK3CA,C08,Control,Batch2,7.487684921076845
PIK3CA,PIK3CA,C09,Control,Batch2,7.55507529158717
PIK3CA,PIK3CA,C10,Control,Batch2,7.5434750104109805
PIK3CA,PIK3CA,D01,Disease,Batch1,8.270621787310988
PIK3CA,PIK3CA,D02,Disease,Batch1,8.587356127846393
PIK3CA,PIK3CA,D03,Disease,Batch1,8.581044426967148
PIK3CA,PIK3CA,D04,Disease,Batch1,8.534974900170411
PIK3CA,PIK3CA,D05,Disease,Batch1,8.491828793967242
PIK3CA,PIK3CA,D06,Disease,Batch2,8.459287744405694
PIK3CA,PIK3CA,D07,Disease,Batch2,8.638338319877004
PIK3CA,PIK3CA,D08,Disease,Batch2,8.65236586499995
PIK3CA,PIK3CA,D09,Disease,Batch2,8.569644569514876
PIK3CA,PIK3CA,D10,Disease,Batch2,8.685023049874887
JUN,JUN,C01,Control,Batch1,8.622349061988073
JUN,JUN,C02,Control,Batch1,8.314259606079908
JUN,JUN,C03,Control,Batch1,8.329194670100275
JUN,JUN,C04,Control,Batch1,8.269435334932266
JUN,JUN,C05,Control,Batch1,7.937456781016349
JUN,JUN,C06,Control,Batch2,8.458063102189318
JUN,JUN,C07,Control,Batch2,8.473677037559561
JUN,JUN,C08,Control,Batch2,8.906219180017528
JUN,JUN,C09,Control,Batch2,8.428210626109575
JUN,JUN,C10,Control,Batch2,8.517114121390227
JUN,JUN,D01,Disease,Batch1,9.576587481223234
JUN,JUN,D02,Disease,Batch1,9.372473552998661
JUN,JUN,D03,Disease,Batch1,9.788543706382882
JUN,JUN,D04,Disease,Batch1,9.718183545653797
JUN,JUN,D05,Disease,Batch1,9.725221350237927
JUN,JUN,D06,Disease,Batch2,9.599145857907125
JUN,JUN,D07,Disease,Batch2,10.015338575738676
JUN,JUN,D08,Disease,Batch2,9.510502408467566
JUN,JUN,D09,Disease,Batch2,9.868469876654226
JUN,JUN,D10,Disease,Batch2,10.157117612415973
FOS,FOS,C01,Control,Batch1,7.204690981080019
FOS,FOS,C02,Control,Batch1,7.324561818124294
FOS,FOS,C03,Control,Batch1,7.215998954667603
FOS,FOS,C04,Control,Batch1,7.027505154816614
FOS,FOS,C05,Control,Batch1,7.318965907873603
FOS,FOS,C06,Control,Batch2,7.295409903937819
FOS,FOS,C07,Control,Batch2,7.5718712099228505
FOS,FOS,C08,Control,Batch2,7.3211282102464335
FOS,FOS,C09,Control,Batch2,7.765612765311675
FOS,FOS,C10,Control,Batch2,7.345638979787995
FOS,FOS,D01,Disease,Batch1,8.348653499491496
FOS,FOS,D02,Disease,Batch1,8.55305767153506
FOS,FOS,D03,Disease,Batch1,8.185068995450406
FOS,FOS,D04,Disease,Batch1,8.447567360637262
FOS,FOS,D05,Disease,Batch1,8.641910268179355
FOS,FOS,D06,Disease,Batch2,8.297277590187496
FOS,FOS,D07,Disease,Batch2,8.619858666944333
FOS,FOS,D08,Disease,Batch2,8.633403475373234
FOS,FOS,D09,Disease,Batch2,8.727352689328434
FOS,FOS,D10,Disease,Batch2,8.363973444450464
STAT3,STAT3,C01,Control,Batch1,7.169629852652049
STAT3,STAT3,C02,Control,Batch1,7.129137612022981
STAT3,STAT3,C03,Control,Batch1,7.120769083903265
STAT3,STAT3,C04,Control,Batch1,7.138041048550463
STAT3,STAT3,C05,Control,Batch1,6.953275920956878
STAT3,STAT3,C06,Control,Batch2,7.297486036329987
STAT3,STAT3,C07,Control,Batch2,7.308433416034769
STAT3,STAT3,C08,Control,Batch2,7.127097115596261
STAT3,STAT3,C09,Control,Batch2,7.591519782847063
STAT3,STAT3,C10,Control,Batch2,7.3409702966051285
STAT3,STAT3,D01,Disease,Batch1,7.86124574134453
STAT3,STAT3,D02,Disease,Batch1,8.193860020395096
STAT3,STAT3,D03,Disease,Batch1,7.900237670200089
STAT3,STAT3,D04,Disease,Batch1,8.217355599514647
STAT3,STAT3,D05,Disease,Batch1,8.284227575062339
STAT3,STAT3,D06,Disease,Batch2,8.107957553537698
STAT3,STAT3,D07,Disease,Batch2,8.429088074104985
STAT3,STAT3,D08,Disease,Batch2,8.329980937689577
STAT3,STAT3,D09,Disease,Batch2,8.403651199640015
STAT3,STAT3,D10,Disease,Batch2,8.597103107718716
IL6,IL6,C01,Control,Batch1,7.692555809213642
IL6,IL6,C02,Control,Batch1,7.668115721465397
IL6,IL6,C03,Control,Batch1,7.681382467504212
IL6,IL6,C04,Control,Batch1,7.8143500111034525
IL6,IL6,C05,Control,Batch1,7.889635674264987
IL6,IL6,C06,Control,Batch2,8.058032662677395
IL6,IL6,C07,Control,Batch2,8.157121303624475
IL6,IL6,C08,Control,Batch2,8.010568659336014
IL6,IL6,C09,Control,Batch2,8.269864452686308
IL6,IL6,C10,Control,Batch2,7.9605900888151595
IL6,IL6,D01,Disease,Batch1,10.117858768784123
IL6,IL6,D02,Disease,Batch1,9.740848441395693
IL6,IL6,D03,Disease,Batch1,9.47393995864306
IL6,IL6,D04,Disease,Batch1,9.435467669146991
IL6,IL6,D05,Disease,Batch1,9.715073353541765
IL6,IL6,D06,Disease,Batch2,9.76800501743934
IL6,IL6,D07,Disease,Batch2,9.93674840773457
IL6,IL6,D08,Disease,Batch2,9.89341109122123
IL6,IL6,D09,Disease,Batch2,9.795119114519755
IL6,IL6,D10,Disease,Batch2,9.655805449545678
TNF,TNF,C01,Control,Batch1,
TNF,TNF,C02,Control,Batch1,7.09375872569812
TNF,TNF,C03,Control,Batch1,6.978143816663331
TNF,TNF,C04,Control,Batch1,6.715373962551737
TNF,TNF,C05,Control,Batch1,6.9707795093731075
TNF,TNF,C06,Control,Batch2,7.1889640710710845
TNF,TNF,C07,Control,Batch2,6.96051260420369
TNF,TNF,C08,Control,Batch2,7.14727746179009
TNF,TNF,C09,Control,Batch2,7.130084512040174
TNF,TNF,C10,Control,Batch2,6.913872289110382
TNF,TNF,D01,Disease,Batch1,8.604008667582585
TNF,TNF,D02,Disease,Batch1,8.640548157466176
TNF,TNF,D03,Disease,Batch1,8.734556166491444
TNF,TNF,D04,Disease,Batch1,8.729291312086177
TNF,TNF,D05,Disease,Batch1,8.291626456487618
TNF,TNF,D06,Disease,Batch2,8.550798435535173
TNF,TNF,D07,Disease,Batch2,8.812313290817453
TNF,TNF,D08,Disease,Batch2,8.812088413884092
TNF,TNF,D09,Disease,Batch2,8.812315526254983
TNF,TNF,D10,Disease,Batch2,
CXCL8,CXCL8,C01,Control,Batch1,8.604025172717725
CXCL8,CXCL8,C02,Control,Batch1,8.571343674913994
CXCL8,CXCL8,C03,Control,Batch1,8.51687378272026
CXCL8,CXCL8,C04,Control,Batch1,8.342874893449954
CXCL8,CXCL8,C05,Control,Batch1,8.536237817174005
CXCL8,CXCL8,C06,Control,Batch2,8.440514818868454
CXCL8,CXCL8,C07,Control,Batch2,8.536996008272014
CXCL8,CXCL8,C08,Control,Batch2,8.492257918875978
CXCL8,CXCL8,C09,Control,Batch2,8.594360702574754
CXCL8,CXCL8,C10,Control,Batch2,8.996261899486448
CXCL8,CXCL8,D01,Disease,Batch1,9.763515622818701
CXCL8,CXCL8,D02,Disease,Batch1,10.223150191752628
CXCL8,CXCL8,D03,Disease,Batch1,9.809334500671078
CXCL8,CXCL8,D04,Disease,Batch1,10.014675621643118
CXCL8,CXCL8,D05,Disease,Batch1,10.295634464939342
CXCL8,CXCL8,D06,Disease,Batch2,10.291193760922399
CXCL8,CXCL8,D07,Disease,Batch2,10.08562929745794
CXCL8,CXCL8,D08,Disease,Batch2,10.150868689818422
CXCL8,CXCL8,D09,Disease,Batch2,10.401950952293458
CXCL8,CXCL8,D10,Disease,Batch2,10.14815736377613
CCL2,CCL2,C01,Control,Batch1,8.15972394389007
CCL2,CCL2,C02,Control,Batch1,8.034232950138335
CCL2,CCL2,C03,Control,Batch1,8.537430948785941
CCL2,CCL2,C04,Control,Batch1,8.265626436724624
CCL2,CCL2,C05,Control,Batch1,7.786995347109013
CCL2,CCL2,C06,Control,Batch2,8.365082789365879
CCL2,CCL2,C07,Control,Batch2,8.212399449049073
CCL2,CCL2,C08,Control,Batch2,8.484959012970702
CCL2,CCL2,C09,Control,Batch2,8.188867279789497
CCL2,CCL2,C10,Control,Batch2,8.31086845324334
CCL2,CCL2,D01,Disease,Batch1,9.742418722923865
CCL2,CCL2,D02,Disease,Batch1,9.807356947658004
CCL2,CCL2,D03,Disease,Batch1,9.435467659437343
CCL2,CCL2,D04,Disease,Batch1,9.591310790256012
CCL2,CCL2,D05,Disease,Batch1,9.56603085669841
CCL2,CCL2,D06,Disease,Batch2,9.713921750844115
CCL2,CCL2,D07,Disease,Batch2,10.14930277595798
CCL2,CCL2,D08,Disease,Batch2,9.904417720680355
CCL2,CCL2,D09,Disease,Batch2,9.604561900927074
CCL2,CCL2,D10,Disease,Batch2,9.996736163177243
VEGFA,VEGFA,C01,Control,Batch1,9.671353084808048
VEGFA,VEGFA,C02,Control,Batch1,9.212022744037121
VEGFA,VEGFA,C03,Control,Batch1,9.398347204792918
VEGFA,VEGFA,C04,Control,Batch1,9.713553344762435
VEGFA,VEGFA,C05,Control,Batch1,9.358128834097462
VEGFA,VEGFA,C06,Control,Batch2,9.745396834975164
VEGFA,VEGFA,C07,Control,Batch2,9.804943467526122
VEGFA,VEGFA,C08,Control,Batch2,9.498661853024787
VEGFA,VEGFA,C09,Control,Batch2,9.654794773817718
VEGFA,VEGFA,C10,Control,Batch2,9.082081216696409
VEGFA,VEGFA,D01,Disease,Batch1,10.50111956246867
VEGFA,VEGFA,D02,Disease,Batch1,10.640047070658072
VEGFA,VEGFA,D03,Disease,Batch1,10.460908365155168
VEGFA,VEGFA,D04,Disease,Batch1,10.979343372616537
VEGFA,VEGFA,D05,Disease,Batch1,10.428083889875928
VEGFA,VEGFA,D06,Disease,Batch2,10.786301330303385
VEGFA,VEGFA,D07,Disease,Batch2,10.889042641820339
VEGFA,VEGFA,D08,Disease,Batch2,11.124938529940742
VEGFA,VEGFA,D09,Disease,Batch2,10.607054150696543
VEGFA,VEGFA,D10,Disease,Batch2,11.074878813296735
MMP9,MMP9,C01,Control,Batch1,7.83049158552508
MMP9,MMP9,C02,Control,Batch1,8.0903417680811
MMP9,MMP9,C03,Control,Batch1,8.042993887916936
MMP9,MMP9,C04,Control,Batch1,7.899124104825129
MMP9,MMP9,C05,Control,Batch1,8.019727518011914
MMP9,MMP9,C06,Control,Batch2,8.117806695278594
MMP9,MMP9,C07,Control,Batch2,8.207596264858935
MMP9,MMP9,C08,Control,Batch2,8.3063466641275
MMP9,MMP9,C09,Control,Batch2,8.472646169619875
MMP9,MMP9,C10,Control,Batch2,7.964356352924878
MMP9,MMP9,D01,Disease,Batch1,9.69110915015184
MMP9,MMP9,D02,Disease,Batch1,8.955787338799661
MMP9,MMP9,D03,Disease,Batch1,9.279841825607306
MMP9,MMP9,D04,Disease,Batch1,9.413060239880936
MMP9,MMP9,D05,Disease,Batch1,9.357741678906018
MMP9,MMP9,D06,Disease,Batch2,9.375077229146004
MMP9,MMP9,D07,Disease,Batch2,9.449701137649402
MMP9,MMP9,D08,Disease,Batch2,9.398422974475121
MMP9,MMP9,D09,Disease,Batch2,9.381077486463754
MMP9,MMP9,D10,Disease,Batch2,9.640091520177496
MMP2,MMP2,C01,Control,Batch1,8.125187113028614
MMP2,MMP2,C02,Control,Batch1,8.411838817753518
MMP2,MMP2,C03,Control,Batch1,8.305224753933322
MMP2,MMP2,C04,Control,Batch1,8.396226021566545
MMP2,MMP2,C05,Control,Batch1,8.363244031721782
MMP2,MMP2,C06,Control,Batch2,8.280691738209558
MMP2,MMP2,C07,Control,Batch2,8.329078252940079
MMP2,MMP2,C08,Control,Batch2,8.564423689097719
MMP2,MMP2,C09,Control,Batch2,8.539777487953556
MMP2,MMP2,C10,Control,Batch2,8.426148553261985
MMP2,MMP2,D01,Disease,Batch1,9.171029769171113
MMP2,MMP2,D02,Disease,Batch1,9.37989052141745
MMP2,MMP2,D03,Disease,Batch1,9.043427990185084
MMP2,MMP2,D04,Disease,Batch1,9.24838836878614
MMP2,MMP2,D05,Disease,Batch1,9.113516162737431
MMP2,MMP2,D06,Disease,Batch2,9.290728223594632
MMP2,MMP2,D07,Disease,Batch2,9.527690673533227
MMP2,MMP2,D08,Disease,Batch2,9.478485782993378
MMP2,MMP2,D09,Disease,Batch2,9.476342574655648
MMP2,MMP2,D10,Disease,Batch2,9.564897025463312
TGFB1,TGFB1,C01,Control,Batch1,8.137454223976025
TGFB1,TGFB1,C02,Control,Batch1,7.958854672956109
TGFB1,TGFB1,C03,Control,Batch1,8.073052632590851
TGFB1,TGFB1,C04,Control,Batch1,7.991276939356748
TGFB1,TGFB1,C05,Control,Batch1,8.03216196284162
TGFB1,TGFB1,C06,Control,Batch2,8.301830953721575
TGFB1,TGFB1,C07,Control,Batch2,8.047422966160905
TGFB1,TGFB1,C08,Control,Batch2,8.571332398766314
TGFB1,TGFB1,C09,Control,Batch2,8.013619560472984
TGFB1,TGFB1,C10,Control,Batch2,7.976148738841139
TGFB1,TGFB1,D01,Disease,Batch1,9.023162646372944
TGFB1,TGFB1,D02,Disease,Batch1,8.957201974056261
TGFB1,TGFB1,D03,Disease,Batch1,8.92704425621232
TGFB1,TGFB1,D04,Disease,Batch1,8.927804880810502
TGFB1,TGFB1,D05,Disease,Batch1,8.812498270030487
TGFB1,TGFB1,D06,Disease,Batch2,8.833196902275482
TGFB1,TGFB1,D07,Disease,Batch2,9.008347509617803
TGFB1,TGFB1,D08,Disease,Batch2,8.872813581070751
TGFB1,TGFB1,D09,Disease,Batch2,9.170224241158127
TGFB1,TGFB1,D10,Disease,Batch2,8.968232360472546
INS,INS,C01,Control,Batch1,7.364302510747703
INS,INS,C02,Control,Batch1,7.496479624014855
INS,INS,C03,Control,Batch1,7.320681542740527
INS,INS,C04,Control,Batch1,7.2741522910432845
INS,INS,C05,Control,Batch1,7.466015660313786
INS,INS,C06,Control,Batch2,7.646245945044812
INS,INS,C07,Control,Batch2,7.510902190678438
INS,INS,C08,Control,Batch2,7.517365067233944
INS,INS,C09,Control,Batch2,7.643920950969616
INS,INS,C10,Control,Batch2,7.341496780775723
INS,INS,D01,Disease,Batch1,6.168808482857462
INS,INS,D02,Disease,Batch1,6.292832002419804
INS,INS,D03,Disease,Batch1,6.383731474937109
INS,INS,D04,Disease,Batch1,6.478115324052883
INS,INS,D05,Disease,Batch1,6.687716081296162
INS,INS,D06,Disease,Batch2,6.756530694421605
INS,INS,D07,Disease,Batch2,6.573363026851825
INS,INS,D08,Disease,Batch2,6.598729044822758
INS,INS,D09,Disease,Batch2,6.421696676610436
INS,INS,D10,Disease,Batch2,6.598819597766612
IGF1,IGF1,C01,Control,Batch1,7.856028293616759
IGF1,IGF1,C02,Control,Batch1,7.649037382916485
IGF1,IGF1,C03,Control,Batch1,
IGF1,IGF1,C04,Control,Batch1,8.073831957096367
IGF1,IGF1,C05,Control,Batch1,7.778362126033668
IGF1,IGF1,C06,Control,Batch2,8.050247062733712
IGF1,IGF1,C07,Control,Batch2,8.102164871263902
IGF1,IGF1,C08,Control,Batch2,7.905719267816452
IGF1,IGF1,C09,Control,Batch2,8.018275599481777
IGF1,IGF1,C10,Control,Batch2,7.980205584896626
IGF1,IGF1,D01,Disease,Batch1,7.015520650494693
IGF1,IGF1,D02,Disease,Batch1,6.858797191661919
IGF1,IGF1,D03,Disease,Batch1,7.0023507841225126
IGF1,IGF1,D04,Disease,Batch1,7.087578645180084
IGF1,IGF1,D05,Disease,Batch1,7.259144802159011
IGF1,IGF1,D06,Disease,Batch2,7.350607701451239
IGF1,IGF1,D07,Disease,Batch2,7.565511795107983
IGF1,IGF1,D08,Disease,Batch2,7.039816391436054
IGF1,IGF1,D09,Disease,Batch2,7.334956667365625
IGF1,IGF1,D10,Disease,Batch2,7.210940513788807
LEP,LEP,C01,Control,Batch1,9.387368361888443
LEP,LEP,C02,Control,Batch1,9.381712121659831
LEP,LEP,C03,Control,Batch1,9.424971377072447
LEP,LEP,C04,Control,Batch1,9.150560822876606
LEP,LEP,C05,Control,Batch1,9.438226149349834
LEP,LEP,C06,Control,Batch2,9.576218174172705
LEP,LEP,C07,Control,Batch2,9.739932934818087
LEP,LEP,C08,Control,Batch2,9.774378128892259
LEP,LEP,C09,Control,Batch2,10.05057280431123
LEP,LEP,C10,Control,Batch2,9.883938344125859
LEP,LEP,D01,Disease,Batch1,10.429019395233139
LEP,LEP,D02,Disease,Batch1,10.371147412409666
LEP,LEP,D03,Disease,Batch1,10.621407504123543
LEP,LEP,D04,Disease,Batch1,10.295220075988656
LEP,LEP,D05,Disease,Batch1,10.862524631106155
LEP,LEP,D06,Disease,Batch2,10.925161274982203
LEP,LEP,D07,Disease,Batch2,10.628410435873525
LEP,LEP,D08,Disease,Batch2,10.404497838016013
LEP,LEP,D09,Disease,Batch2,10.956559080602146
LEP,LEP,D10,Disease,Batch2,10.6922448811069
CRP,CRP,C01,Control,Batch1,8.579474439798437
CRP,CRP,C02,Control,Batch1,8.758583914249744
CRP,CRP,C03,Control,Batch1,8.867415284330695
CRP,CRP,C04,Control,Batch1,8.874927925259076
CRP,CRP,C05,Control,Batch1,8.785459633515158
CRP,CRP,C06,Control,Batch2,9.158584406203973
CRP,CRP,C07,Control,Batch2,8.854299741092555
CRP,CRP,C08,Control,Batch2,9.020843111077589
CRP,CRP,C09,Control,Batch2,9.068124632089564
CRP,CRP,C10,Control,Batch2,9.139070408511998
CRP,CRP,D01,Disease,Batch1,10.994562096437424
CRP,CRP,D02,Disease,Batch1,10.664035841850605
CRP,CRP,D03,Disease,Batch1,10.59033086764901
CRP,CRP,D04,Disease,Batch1,11.096453246323154
CRP,CRP,D05,Disease,Batch1,10.92628794053775
CRP,CRP,D06,Disease,Batch2,10.911743841801243
CRP,CRP,D07,Disease,Batch2,11.325678773975476
CRP,CRP,D08,Disease,Batch2,11.067292852554138
CRP,CRP,D09,Disease,Batch2,11.258744911512911
CRP,CRP,D10,Disease,Batch2,
ALB,ALB,C01,Control,Batch1,9.758484899057168
ALB,ALB,C02,Control,Batch1,9.397710000691157
ALB,ALB,C03,Control,Batch1,9.617406318589175
ALB,ALB,C04,Control,Batch1,9.558691218342718
ALB,ALB,C05,Control,Batch1,9.688877227773213
ALB,ALB,C06,Control,Batch2,9.448837324512972
ALB,ALB,C07,Control,Batch2,9.74601281021711
ALB,ALB,C08,Control,Batch2,9.813039955050316
ALB,ALB,C09,Control,Batch2,9.30595043986123
ALB,ALB,C10,Control,Batch2,9.409537015137552
ALB,ALB,D01,Disease,Batch1,8.375461755420574
ALB,ALB,D02,Disease,Batch1,8.694030317217372
ALB,ALB,D03,Disease,Batch1,8.871681153460665
ALB,ALB,D04,Disease,Batch1,9.012947816794677
ALB,ALB,D05,Disease,Batch1,8.75586060789295
ALB,ALB,D06,Disease,Batch2,9.215674345620224
ALB,ALB,D07,Disease,Batch2,8.674105284938712
ALB,ALB,D08,Disease,Batch2,8.615914708333463
ALB,ALB,D09,Disease,Batch2,8.912524961616
ALB,ALB,D10,Disease,Batch2,8.991655328226466
APOB,APOB,C01,Control,Batch1,7.604974098326957
APOB,APOB,C02,Control,Batch1,7.961072069221832
APOB,APOB,C03,Control,Batch1,7.742309166243261
APOB,APOB,C04,Control,Batch1,8.097654735123541
APOB,APOB,C05,Control,Batch1,8.043101360631567
APOB,APOB,C06,Control,Batch2,7.987935314795211
APOB,APOB,C07,Control,Batch2,8.06461763121353
APOB,APOB,C08,Control,Batch2,7.966455242394123
APOB,APOB,C09,Control,Batch2,8.145831438824963
APOB,APOB,C10,Control,Batch2,
APOB,APOB,D01,Disease,Batch1,8.299682987993737
APOB,APOB,D02,Disease,Batch1,
APOB,APOB,D03,Disease,Batch1,8.381667305027095
APOB,APOB,D04,Disease,Batch1,8.334396566526912
APOB,APOB,D05,Disease,Batch1,8.457848211542315
APOB,APOB,D06,Disease,Batch2,8.470770058298648
APOB,APOB,D07,Disease,Batch2,8.557456801371641
APOB,APOB,D08,Disease,Batch2,8.441495655668142
APOB,APOB,D09,Disease,Batch2,9.010764200259084
APOB,APOB,D10,Disease,Batch2,8.663461115689046
LDLR,LDLR,C01,Control,Batch1,7.54870852833735
LDLR,LDLR,C02,Control,Batch1,7.489973095460841
LDLR,LDLR,C03,Control,Batch1,7.47041761648921
LDLR,LDLR,C04,Control,Batch1,7.620742150413006
LDLR,LDLR,C05,Control,Batch1,7.6465435322137045
LDLR,LDLR,C06,Control,Batch2,7.5947019378352945
LDLR,LDLR,C07,Control,Batch2,7.5865448610891475
LDLR,LDLR,C08,Control,Batch2,7.640682838917894
LDLR,LDLR,C09,Control,Batch2,7.275846334752784
LDLR,LDLR,C10,Control,Batch2,7.41745775320945
LDLR,LDLR,D01,Disease,Batch1,8.556229512545205
LDLR,LDLR,D02,Disease,Batch1,8.606286332835422
LDLR,LDLR,D03,Disease,Batch1,8.265365657285042
LDLR,LDLR,D04,Disease,Batch1,8.413972397755229
LDLR,LDLR,D05,Disease,Batch1,8.366217172223028
LDLR,LDLR,D06,Disease,Batch2,9.044390689927134
LDLR,LDLR,D07,Disease,Batch2,8.691715628463413
LDLR,LDLR,D08,Disease,Batch2,8.467166977938652
LDLR,LDLR,D09,Disease,Batch2,8.318194865097114
LDLR,LDLR,D10,Disease,Batch2,8.201031806758827
AKR1C3,AKR1C3,C01,Control,Batch1,8.006281410955882
AKR1C3,AKR1C3,C02,Control,Batch1,7.886418877379475
AKR1C3,AKR1C3,C03,Control,Batch1,8.026041425943403
AKR1C3,AKR1C3,C04,Control,Batch1,7.947745904456466
AKR1C3,AKR1C3,C05,Control,Batch1,8.446110039420118
AKR1C3,AKR1C3,C06,Control,Batch2,8.481119701357958
AKR1C3,AKR1C3,C07,Control,Batch2,8.320989469670065
AKR1C3,AKR1C3,C08,Control,Batch2,8.58881449010726
AKR1C3,AKR1C3,C09,Control,Batch2,8.336350840483627
AKR1C3,AKR1C3,C10,Control,Batch2,8.16739338886797
AKR1C3,AKR1C3,D01,Disease,Batch1,8.716586879015596
AKR1C3,AKR1C3,D02,Disease,Batch1,8.539428352970296
AKR1C3,AKR1C3,D03,Disease,Batch1,8.255720237328294
AKR1C3,AKR1C3,D04,Disease,Batch1,8.408163583052009
AKR1C3,AKR1C3,D05,Disease,Batch1,8.2848132594978
AKR1C3,AKR1C3,D06,Disease,Batch2,8.373520593533476
AKR1C3,AKR1C3,D07,Disease,Batch2,8.789136503662752
AKR1C3,AKR1C3,D08,Disease,Batch2,8.96611954039168
AKR1C3,AKR1C3,D09,Disease,Batch2,8.370682381819611
AKR1C3,AKR1C3,D10,Disease,Batch2,8.72375900771136
GAPDH,GAPDH,C01,Control,Batch1,7.456867632537076
GAPDH,GAPDH,C02,Control,Batch1,7.437919295251725
GAPDH,GAPDH,C03,Control,Batch1,7.389031863072354
GAPDH,GAPDH,C04,Control,Batch1,7.55328409464479
GAPDH,GAPDH,C05,Control,Batch1,7.394979180660735
GAPDH,GAPDH,C06,Control,Batch2,7.773232430255092
GAPDH,GAPDH,C07,Control,Batch2,7.715507341913876
GAPDH,GAPDH,C08,Control,Batch2,7.681539553178768
GAPDH,GAPDH,C09,Control,Batch2,7.561188742447234
GAPDH,GAPDH,C10,Control,Batch2,7.620731362112421
GAPDH,GAPDH,D01,Disease,Batch1,7.680520622263358
GAPDH,GAPDH,D02,Disease,Batch1,7.63471529538711
GAPDH,GAPDH,D03,Disease,Batch1,7.3685902575509825
GAPDH,GAPDH,D04,Disease,Batch1,7.562430016591982
GAPDH,GAPDH,D05,Disease,Batch1,7.6797998838216435
GAPDH,GAPDH,D06,Disease,Batch2,7.424057251012874
GAPDH,GAPDH,D07,Disease,Batch2,7.82235503624311
GAPDH,GAPDH,D08,Disease,Batch2,7.605277925004469
GAPDH,GAPDH,D09,Disease,Batch2,7.8272579619614895
GAPDH,GAPDH,D10,Disease,Batch2,7.587163553437068
ACTB,ACTB,C01,Control,Batch1,6.443624890715867
ACTB,ACTB,C02,Control,Batch1,6.745237819933886
ACTB,ACTB,C03,Control,Batch1,6.7833325798447035
ACTB,ACTB,C04,Control,Batch1,6.573805537016043
ACTB,ACTB,C05,Control,Batch1,6.851529172114764
ACTB,ACTB,C06,Control,Batch2,6.617508918326424
ACTB,ACTB,C07,Control,Batch2,6.904688165778319
ACTB,ACTB,C08,Control,Batch2,6.698599613577594
ACTB,ACTB,C09,Control,Batch2,6.7992520301304475
ACTB,ACTB,C10,Control,Batch2,6.925114290371791
ACTB,ACTB,D01,Disease,Batch1,6.581708123783725
ACTB,ACTB,D02,Disease,Batch1,6.667362531573469
ACTB,ACTB,D03,Disease,Batch1,6.917715235193436
ACTB,ACTB,D04,Disease,Batch1,6.63274199302067
ACTB,ACTB,D05,Disease,Batch1,6.887007109706563
ACTB,ACTB,D06,Disease,Batch2,6.713235295696466
ACTB,ACTB,D07,Disease,Batch2,7.011947281559587
ACTB,ACTB,D08,Disease,Batch2,7.176064881253258
ACTB,ACTB,D09,Disease,Batch2,6.471686519511924
ACTB,ACTB,D10,Disease,Batch2,6.773141383550151
VIM,VIM,C01,Control,Batch1,8.36740231953864
VIM,VIM,C02,Control,Batch1,8.470756746233214
VIM,VIM,C03,Control,Batch1,8.295233155417531
VIM,VIM,C04,Control,Batch1,8.4195366507715
VIM,VIM,C05,Control,Batch1,8.375928586655805
VIM,VIM,C06,Control,Batch2,8.794151260125144
VIM,VIM,C07,Control,Batch2,8.629746240820596
VIM,VIM,C08,Control,Batch2,8.644718968199914
VIM,VIM,C09,Control,Batch2,8.509812635124334
VIM,VIM,C10,Control,Batch2,8.49618136869333
VIM,VIM,D01,Disease,Batch1,8.526090015218847
VIM,VIM,D02,Disease,Batch1,8.674951874654472
VIM,VIM,D03,Disease,Batch1,8.52817328247873
VIM,VIM,D04,Disease,Batch1,8.656109963267733
VIM,VIM,D05,Disease,Batch1,8.977522632782557
VIM,VIM,D06,Disease,Batch2,8.940752935644083
VIM,VIM,D07,Disease,Batch2,8.725266253236166
VIM,VIM,D08,Disease,Batch2,9.000168995015887
VIM,VIM,D09,Disease,Batch2,8.710496921882498
VIM,VIM,D10,Disease,Batch2,8.417088072694364
HIF1A,HIF1A,C01,Control,Batch1,6.957597036573163
HIF1A,HIF1A,C02,Control,Batch1,7.231067155230382
HIF1A,HIF1A,C03,Control,Batch1,7.297654890611937
HIF1A,HIF1A,C04,Control,Batch1,7.596098298567368
HIF1A,HIF1A,C05,Control,Batch1,7.353186509635366
HIF1A,HIF1A,C06,Control,Batch2,7.434901487172221
HIF1A,HIF1A,C07,Control,Batch2,7.623632586970845
HIF1A,HIF1A,C08,Control,Batch2,7.076335226736397
HIF1A,HIF1A,C09,Control,Batch2,7.5167502028173585
HIF1A,HIF1A,C10,Control,Batch2,7.6130953172574705
HIF1A,HIF1A,D01,Disease,Batch1,7.728194058117445
HIF1A,HIF1A,D02,Disease,Batch1,8.200215310135064
HIF1A,HIF1A,D03,Disease,Batch1,8.055268935706811
HIF1A,HIF1A,D04,Disease,Batch1,7.919587757855673
HIF1A,HIF1A,D05,Disease,Batch1,8.108240318256948
HIF1A,HIF1A,D06,Disease,Batch2,8.583064296762608
HIF1A,HIF1A,D07,Disease,Batch2,8.207075508268346
HIF1A,HIF1A,D08,Disease,Batch2,8.219019287891877
HIF1A,HIF1A,D09,Disease,Batch2,8.091654620440572
HIF1A,HIF1A,D10,Disease,Batch2,8.021367595854153
NFKB1,NFKB1,C01,Control,Batch1,8.427139982917376
NFKB1,NFKB1,C02,Control,Batch1,8.594116994280462
NFKB1,NFKB1,C03,Control,Batch1,8.49525673116325
NFKB1,NFKB1,C04,Control,Batch1,8.667451440215322
NFKB1,NFKB1,C05,Control,Batch1,8.641294250532622
NFKB1,NFKB1,C06,Control,Batch2,8.947992261547393
NFKB1,NFKB1,C07,Control,Batch2,8.669432119787118
NFKB1,NFKB1,C08,Control,Batch2,8.712657583228165
NFKB1,NFKB1,C09,Control,Batch2,8.585057602740156
NFKB1,NFKB1,C10,Control,Batch2,8.681262284767271
NFKB1,NFKB1,D01,Disease,Batch1,9.549149160329046
NFKB1,NFKB1,D02,Disease,Batch1,9.617493022577136
NFKB1,NFKB1,D03,Disease,Batch1,9.315245313229
NFKB1,NFKB1,D04,Disease,Batch1,9.63776413719999
NFKB1,NFKB1,D05,Disease,Batch1,9.725249886165864
NFKB1,NFKB1,D06,Disease,Batch2,9.735653354161238
NFKB1,NFKB1,D07,Disease,Batch2,9.999058317841424
NFKB1,NFKB1,D08,Disease,Batch2,9.521953015742328
NFKB1,NFKB1,D09,Disease,Batch2,9.437197224984917
NFKB1,NFKB1,D10,Disease,Batch2,9.341065426778203
RELA,RELA,C01,Control,Batch1,9.165016836186158
RELA,RELA,C02,Control,Batch1,9.037225777278547
RELA,RELA,C03,Control,Batch1,9.097625370779996
RELA,RELA,C04,Control,Batch1,8.84464298952872
RELA,RELA,C05,Control,Batch1,9.487466374373456
RELA,RELA,C06,Control,Batch2,9.250490830797968
RELA,RELA,C07,Control,Batch2,9.24692208107131
RELA,RELA,C08,Control,Batch2,9.357869010344192
RELA,RELA,C09,Control,Batch2,9.313812679755037
RELA,RELA,C10,Control,Batch2,9.26753014241267
RELA,RELA,D01,Disease,Batch1,9.704945616062272
RELA,RELA,D02,Disease,Batch1,9.932095322326909
RELA,RELA,D03,Disease,Batch1,10.185995427407935
RELA,RELA,D04,Disease,Batch1,10.089406626350325
RELA,RELA,D05,Disease,Batch1,10.13400461083752
RELA,RELA,D06,Disease,Batch2,9.935212196284816
RELA,RELA,D07,Disease,Batch2,9.849102150395884
RELA,RELA,D08,Disease,Batch2,10.004589372424492
RELA,RELA,D09,Disease,Batch2,10.037261502254394
RELA,RELA,D10,Disease,Batch2,10.2241854913672
JAK1,JAK1,C01,Control,Batch1,7.090593816702537
JAK1,JAK1,C02,Control,Batch1,6.786833337455408
JAK1,JAK1,C03,Control,Batch1,6.738436166609091
JAK1,JAK1,C04,Control,Batch1,6.633095971652796
JAK1,JAK1,C05,Control,Batch1,6.5174005582637875
JAK1,JAK1,C06,Control,Batch2,7.14344546431277
JAK1,JAK1,C07,Control,Batch2,7.008471993293539
JAK1,JAK1,C08,Control,Batch2,6.763081797246237
JAK1,JAK1,C09,Control,Batch2,6.7621605802281755
JAK1,JAK1,C10,Control,Batch2,6.934833513327403
JAK1,JAK1,D01,Disease,Batch1,7.815698633751717
JAK1,JAK1,D02,Disease,Batch1,7.468548315954178
JAK1,JAK1,D03,Disease,Batch1,7.244709027638367
JAK1,JAK1,D04,Disease,Batch1,7.471041007664157
JAK1,JAK1,D05,Disease,Batch1,7.466184516645046
JAK1,JAK1,D06,Disease,Batch2,7.209835163470143
JAK1,JAK1,D07,Disease,Batch2,7.68550168322642
JAK1,JAK1,D08,Disease,Batch2,7.653706543762064
JAK1,JAK1,D09,Disease,Batch2,7.820591904866042
JAK1,JAK1,D10,Disease,Batch2,8.028086856289788
JAK2,JAK2,C01,Control,Batch1,8.74019555638356
JAK2,JAK2,C02,Control,Batch1,8.589420857109928
JAK2,JAK2,C03,Control,Batch1,9.251800285268404
JAK2,JAK2,C04,Control,Batch1,8.799254838806037
JAK2,JAK2,C05,Control,Batch1,8.79110279322776
JAK2,JAK2,C06,Control,Batch2,8.964253005003629
JAK2,JAK2,C07,Control,Batch2,9.004250777621642
JAK2,JAK2,C08,Control,Batch2,8.94261064653712
JAK2,JAK2,C09,Control,Batch2,8.865336359444987
JAK2,JAK2,C10,Control,Batch2,8.87016091126016
JAK2,JAK2,D01,Disease,Batch1,9.58269993204455
JAK2,JAK2,D02,Disease,Batch1,9.490779061879353
JAK2,JAK2,D03,Disease,Batch1,9.46028327980154
JAK2,JAK2,D04,Disease,Batch1,9.607752961667972
JAK2,JAK2,D05,Disease,Batch1,9.542699621547676
JAK2,JAK2,D06,Disease,Batch2,10.039314258628314
JAK2,JAK2,D07,Disease,Batch2,9.291420955172688
JAK2,JAK2,D08,Disease,Batch2,9.965066754029474
JAK2,JAK2,D09,Disease,Batch2,9.992890855333004
JAK2,JAK2,D10,Disease,Batch2,9.395385278849963
STAT1,STAT1,C01,Control,Batch1,7.693259328264514
STAT1,STAT1,C02,Control,Batch1,7.506766579094548
STAT1,STAT1,C03,Control,Batch1,7.6201116803773985
STAT1,STAT1,C04,Control,Batch1,7.560215031959907
STAT1,STAT1,C05,Control,Batch1,8.075527363960008
STAT1,STAT1,C06,Control,Batch2,8.108540794910299
STAT1,STAT1,C07,Control,Batch2,8.168998601242704
STAT1,STAT1,C08,Control,Batch2,8.070019655671539
STAT1,STAT1,C09,Control,Batch2,7.736889365324655
STAT1,STAT1,C10,Control,Batch2,7.845705036213396
STAT1,STAT1,D01,Disease,Batch1,8.748206105164781
STAT1,STAT1,D02,Disease,Batch1,8.440135678543205
STAT1,STAT1,D03,Disease,Batch1,8.788458401574786
STAT1,STAT1,D04,Disease,Batch1,8.616860112475292
STAT1,STAT1,D05,Disease,Batch1,8.592650938784828
STAT1,STAT1,D06,Disease,Batch2,8.968091478420385
STAT1,STAT1,D07,Disease,Batch2,8.920086080211243
STAT1,STAT1,D08,Disease,Batch2,8.775144774296322
STAT1,STAT1,D09,Disease,Batch2,9.04879804874932
STAT1,STAT1,D10,Disease,Batch2,
SOCS3,SOCS3,C01,Control,Batch1,8.537913151295294
SOCS3,SOCS3,C02,Control,Batch1,8.375436565784467
SOCS3,SOCS3,C03,Control,Batch1,
SOCS3,SOCS3,C04,Control,Batch1,8.20595448111163
SOCS3,SOCS3,C05,Control,Batch1,8.597479788318228
SOCS3,SOCS3,C06,Control,Batch2,8.577872540301247
SOCS3,SOCS3,C07,Control,Batch2,8.517064781167559
SOCS3,SOCS3,C08,Control,Batch2,8.799976585511626
SOCS3,SOCS3,C09,Control,Batch2,
SOCS3,SOCS3,C10,Control,Batch2,8.357631891515544
SOCS3,SOCS3,D01,Disease,Batch1,8.750961673626682
SOCS3,SOCS3,D02,Disease,Batch1,9.1402367161032
SOCS3,SOCS3,D03,Disease,Batch1,8.800677641411655
SOCS3,SOCS3,D04,Disease,Batch1,9.347017877618171
SOCS3,SOCS3,D05,Disease,Batch1,8.656407631441915
SOCS3,SOCS3,D06,Disease,Batch2,9.516517071153192
SOCS3,SOCS3,D07,Disease,Batch2,9.249138068957457
SOCS3,SOCS3,D08,Disease,Batch2,9.193746564724314
SOCS3,SOCS3,D09,Disease,Batch2,9.113069489235373
SOCS3,SOCS3,D10,Disease,Batch2,9.282999425444357
PTEN,PTEN,C01,Control,Batch1,8.17225004706558
PTEN,PTEN,C02,Control,Batch1,7.994216685061773
PTEN,PTEN,C03,Control,Batch1,8.000710025365743
PTEN,PTEN,C04,Control,Batch1,7.9082055101041115
PTEN,PTEN,C05,Control,Batch1,7.963405496032814
PTEN,PTEN,C06,Control,Batch2,8.209060026703177
PTEN,PTEN,C07,Control,Batch2,7.845825397624414
PTEN,PTEN,C08,Control,Batch2,7.910982332323578
PTEN,PTEN,C09,Control,Batch2,8.287443245226696
PTEN,PTEN,C10,Control,Batch2,8.184411487165637
PTEN,PTEN,D01,Disease,Batch1,7.440538707759123
PTEN,PTEN,D02,Disease,Batch1,7.476973816254376
PTEN,PTEN,D03,Disease,Batch1,7.536220415267707
PTEN,PTEN,D04,Disease,Batch1,7.37649896584692
PTEN,PTEN,D05,Disease,Batch1,7.333560857730189
PTEN,PTEN,D06,Disease,Batch2,7.688907854220188
PTEN,PTEN,D07,Disease,Batch2,7.477548608331901
PTEN,PTEN,D08,Disease,Batch2,7.727141204331211
PTEN,PTEN,D09,Disease,Batch2,7.3471906595397956
PTEN,PTEN,D10,Disease,Batch2,7.838903723021222
FOXO1,FOXO1,C01,Control,Batch1,8.376903589865627
FOXO1,FOXO1,C02,Control,Batch1,8.507702614799323
FOXO1,FOXO1,C03,Control,Batch1,8.630603637692394
FOXO1,FOXO1,C04,Control,Batch1,8.513404849392392
FOXO1,FOXO1,C05,Control,Batch1,7.999460876049433
FOXO1,FOXO1,C06,Control,Batch2,8.280494383676704
FOXO1,FOXO1,C07,Control,Batch2,8.398350893703906
FOXO1,FOXO1,C08,Control,Batch2,8.515514626727079
FOXO1,FOXO1,C09,Control,Batch2,8.603996861373572
FOXO1,FOXO1,C10,Control,Batch2,8.380184351321505
FOXO1,FOXO1,D01,Disease,Batch1,7.764436255295005
FOXO1,FOXO1,D02,Disease,Batch1,7.594849309865532
FOXO1,FOXO1,D03,Disease,Batch1,7.620745033150579
FOXO1,FOXO1,D04,Disease,Batch1,7.47761924025645
FOXO1,FOXO1,D05,Disease,Batch1,7.564636253389168
FOXO1,FOXO1,D06,Disease,Batch2,
FOXO1,FOXO1,D07,Disease,Batch2,7.7351610521532095
FOXO1,FOXO1,D08,Disease,Batch2,8.100473761078542
FOXO1,FOXO1,D09,Disease,Batch2,7.7399264376993795
FOXO1,FOXO1,D10,Disease,Batch2,8.38464700935986
S6K1,RPS6KB1,C01,Control,Batch1,8.3785930328817
S6K1,RPS6KB1,C02,Control,Batch1,8.190818130184004
S6K1,RPS6KB1,C03,Control,Batch1,8.471378308910241
S6K1,RPS6KB1,C04,Control,Batch1,8.241707721893823
S6K1,RPS6KB1,C05,Control,Batch1,8.367284297252787
S6K1,RPS6KB1,C06,Control,Batch2,8.986137747505005
S6K1,RPS6KB1,C07,Control,Batch2,8.508031748666184
S6K1,RPS6KB1,C08,Control,Batch2,8.732191729348044
S6K1,RPS6KB1,C09,Control,Batch2,8.398750774093962
S6K1,RPS6KB1,C10,Control,Batch2,8.51902460232717
S6K1,RPS6KB1,D01,Disease,Batch1,9.364066645031013
S6K1,RPS6KB1,D02,Disease,Batch1,8.932468460214823
S6K1,RPS6KB1,D03,Disease,Batch1,9.371563271056068
S6K1,RPS6KB1,D04,Disease,Batch1,9.172717878998608
S6K1,RPS6KB1,D05,Disease,Batch1,8.944078510955654
S6K1,RPS6KB1,D06,Disease,Batch2,9.339155923646615
S6K1,RPS6KB1,D07,Disease,Batch2,9.400382331549432
S6K1,RPS6KB1,D08,Disease,Batch2,9.337248323815716
S6K1,RPS6KB1,D09,Disease,Batch2,8.942682081036338
S6K1,RPS6KB1,D10,Disease,Batch2,9.094437838968144
ERK2,MAPK1,C01,Control,Batch1,7.813338937875939
ERK2,MAPK1,C02,Control,Batch1,7.938457932673068
ERK2,MAPK1,C03,Control,Batch1,7.858723135281932
ERK2,MAPK1,C04,Control,Batch1,7.586374970546128
ERK2,MAPK1,C05,Control,Batch1,7.89517256829502
ERK2,MAPK1,C06,Control,Batch2,8.116642389265035
ERK2,MAPK1,C07,Control,Batch2,8.107499235741534
ERK2,MAPK1,C08,Control,Batch2,8.20127748571378
ERK2,MAPK1,C09,Control,Batch2,8.15684294293275
ERK2,MAPK1,C10,Control,Batch2,8.089389369375066
ERK2,MAPK1,D01,Disease,Batch1,8.81410712705139
ERK2,MAPK1,D02,Disease,Batch1,8.527763987081068
ERK2,MAPK1,D03,Disease,Batch1,8.904068234557812
ERK2,MAPK1,D04,Disease,Batch1,8.864120738803306
ERK2,MAPK1,D05,Disease,Batch1,8.875621145809113
ERK2,MAPK1,D06,Disease,Batch2,8.776922211466292
ERK2,MAPK1,D07,Disease,Batch2,8.81214677784046
ERK2,MAPK1,D08,Disease,Batch2,9.196304468713869
ERK2,MAPK1,D09,Disease,Batch2,8.999617027419749
ERK2,MAPK1,D10,Disease,Batch2,9.12940708064102
GSK3B,GSK3B,C01,Control,Batch1,8.025178968400557
GSK3B,GSK3B,C02,Control,Batch1,8.188713948367003
GSK3B,GSK3B,C03,Control,Batch1,7.926934812212195
GSK3B,GSK3B,C04,Control,Batch1,8.037124603140699
GSK3B,GSK3B,C05,Control,Batch1,7.936613311324415
GSK3B,GSK3B,C06,Control,Batch2,8.121613542353506
GSK3B,GSK3B,C07,Control,Batch2,8.144171881066967
GSK3B,GSK3B,C08,Control,Batch2,8.23980694218539
GSK3B,GSK3B,C09,Control,Batch2,8.113648111391896
GSK3B,GSK3B,C10,Control,Batch2,8.425858965894555
GSK3B,GSK3B,D01,Disease,Batch1,8.35879354889181
GSK3B,GSK3B,D02,Disease,Batch1,8.486185967342278
GSK3B,GSK3B,D03,Disease,Batch1,8.440671272801971
GSK3B,GSK3B,D04,Disease,Batch1,8.780278882474994
GSK3B,GSK3B,D05,Disease,Batch1,8.555202723063406
GSK3B,GSK3B,D06,Disease,Batch2,8.885554880395677
GSK3B,GSK3B,D07,Disease,Batch2,8.432421996144667
GSK3B,GSK3B,D08,Disease,Batch2,8.74789191114779
GSK3B,GSK3B,D09,Disease,Batch2,8.85995640650354
GSK3B,GSK3B,D10,Disease,Batch2,8.7146339813609
BCL2,BCL2,C01,Control,Batch1,8.652724341527678
BCL2,BCL2,C02,Control,Batch1,8.99951880177915
BCL2,BCL2,C03,Control,Batch1,9.159637924797211
BCL2,BCL2,C04,Control,Batch1,8.680525321666607
BCL2,BCL2,C05,Control,Batch1,8.665645808693608
BCL2,BCL2,C06,Control,Batch2,9.187445468426931
BCL2,BCL2,C07,Control,Batch2,9.210159248777273
BCL2,BCL2,C08,Control,Batch2,8.831721457658157
BCL2,BCL2,C09,Control,Batch2,8.850202635468492
BCL2,BCL2,C10,Control,Batch2,8.875115032950854
BCL2,BCL2,D01,Disease,Batch1,7.903835170559576
BCL2,BCL2,D02,Disease,Batch1,7.98047891217859
BCL2,BCL2,D03,Disease,Batch1,7.965090924530374
BCL2,BCL2,D04,Disease,Batch1,8.007632700827003
BCL2,BCL2,D05,Disease,Batch1,8.139592982816126
BCL2,BCL2,D06,Disease,Batch2,8.367994914402319
BCL2,BCL2,D07,Disease,Batch2,8.60492635125228
BCL2,BCL2,D08,Disease,Batch2,8.146132535212763
BCL2,BCL2,D09,Disease,Batch2,8.50301429427153
BCL2,BCL2,D10,Disease,Batch2,8.287318270585153
