Assay,SampleID,NPX_normalized,Group,Batch
ACTB,C01,-1.5815540776846895,Control,Batch1
AKR1C3,C01,-0.018897557444674362,Control,Batch1
AKT1,C01,-0.17106730189730524,Control,Batch1
ALB,C01,1.733305930656611,Control,Batch1
APOB,C01,-0.42020487007359986,Control,Batch1
BCL2,C01,0.6275453731271217,Control,Batch1
CCL2,C01,0.13454497548951316,Control,Batch1
CRP,C01,0.5542954713978805,Control,Batch1
CXCL8,C01,0.578846204317168,Control,Batch1
EGFR,C01,0.2976333644964928,Control,Batch1
ERK2,C01,-0.21184003052461797,Control,Batch1
FOS,C01,-0.8204879873205373,Control,Batch1
FOXO1,C01,0.35172462146507044,Control,Batch1
GAPDH,C01,-0.5683113358634806,Control,Batch1
GSK3B,C01,0.0,Control,Batch1
HIF1A,C01,-1.0675819318273936,Control,Batch1
IGF1,C01,-0.16915067478379786,Control,Batch1
IL6,C01,-0.3326231591869142,Control,Batch1
INS,C01,-0.6608764576528534,Control,Batch1
JAK1,C01,-0.9345851516980197,Control,Batch1
JAK2,C01,0.715016587983003,Control,Batch1
JUN,C01,0.5971700935875166,Control,Batch1
LDLR,C01,-0.47647044006320627,Control,Batch1
LEP,C01,1.3621893934878866,Control,Batch1
MAPK1,C01,-0.16033143127839722,Control,Batch1
MMP2,C01,0.10000814462805785,Control,Batch1
MMP9,C01,-0.19468738287547627,Control,Batch1
MTOR,C01,-0.7162689572260703,Control,Batch1
NFKB1,C01,0.40196101451681976,Control,Batch1
PIK3CA,C01,-0.6814407582710045,Control,Batch1
PTEN,C01,0.14707107866502334,Control,Batch1
RELA,C01,1.1398378677856016,Control,Batch1
S6K1,C01,0.353414064481143,Control,Batch1
SOCS3,C01,0.5127341828947376,Control,Batch1
STAT1,C01,-0.3319196401360429,Control,Batch1
STAT3,C01,-0.8555491157485076,Control,Batch1
TGFB1,C01,0.11227525557546869,Control,Batch1
TNF,C01,,Control,Batch1
VEGFA,C01,1.646174116407492,Control,Batch1
VIM,C01,0.3422233511380828,Control,Batch1
ACTB,C02,-1.2324065572079173,Control,Batch1
AKR1C3,C02,-0.09122549976232808,Control,Batch1
AKT1,C02,-0.39214246100079997,Control,Batch1
ALB,C02,1.4200656235493545,Control,Batch1
APOB,C02,-0.01657230791997044,Control,Batch1
BCL2,C02,1.021874424637347,Control,Batch1
CCL2,C02,0.05658857299653253,Control,Batch1
CRP,C02,0.7809395371079413,Control,Batch1
CXCL8,C02,0.5936992977721909,Control,Batch1
EGFR,C02,0.486639466824184,Control,Batch1
ERK2,C02,-0.03918644446873465,Control,Batch1
FOS,C02,-0.6530825590175091,Control,Batch1
FOXO1,C02,0.5300582376575198,Control,Batch1
GAPDH,C02,-0.5397250818900776,Control,Batch1
GSK3B,C02,0.21106957122519976,Control,Batch1
HIF1A,C02,-0.7465772219114211,Control,Batch1
IGF1,C02,-0.3286069942253178,Control,Batch1
IL6,C02,-0.30952865567640586,Control,Batch1
INS,C02,-0.48116475312694806,Control,Batch1
JAK1,C02,-1.1908110396863947,Control,Batch1
JAK2,C02,0.6117764799681256,Control,Batch1
JUN,C02,0.336615228938105,Control,Batch1
LDLR,C02,-0.48767128168096185,Control,Batch1
LEP,C02,1.404067744518028,Control,Batch1
MAPK1,C02,-0.32473213307970816,Control,Batch1
MMP2,C02,0.43419444061171486,Control,Batch1
MMP9,C02,0.11269739093929676,Control,Batch1
MTOR,C02,-0.5708658088555243,Control,Batch1
NFKB1,C02,0.6164726171386592,Control,Batch1
PIK3CA,C02,-0.37881751798066077,Control,Batch1
PTEN,C02,0.01657230791997044,Control,Batch1
RELA,C02,1.0595814001367438,Control,Batch1
S6K1,C02,0.21317375304220132,Control,Batch1
SOCS3,C02,0.3977921886426641,Control,Batch1
STAT1,C02,-0.4708777980472547,Control,Batch1
STAT3,C02,-0.8485067651188221,Control,Batch1
TGFB1,C02,-0.0187897041856937,Control,Batch1
TNF,C02,-0.8838856514436833,Control,Batch1
VEGFA,C02,1.234378366895318,Control,Batch1
VIM,C02,0.49311236909141076,Control,Batch1
ACTB,C03,-1.2300431458098693,Control,Batch1
AKR1C3,C03,0.01266570028882974,Control,Batch1
AKT1,C03,-0.269408026409681,Control,Batch1
ALB,C03,1.6040305929346026,Control,Batch1
APOB,C03,-0.2710665594113122,Control,Batch1
BCL2,C03,1.1462621991426385,Control,Batch1
CCL2,C03,0.5240552231313682,Control,Batch1
CRP,C03,0.8540395586761225,Control,Batch1
CXCL8,C03,0.5034980570656877,Control,Batch1
EGFR,C03,0.6084695556067352,Control,Batch1
ERK2,C03,-0.154652590372641,Control,Batch1
FOS,C03,-0.7973767709869701,Control,Batch1
FOXO1,C03,0.617227912037821,Control,Batch1
GAPDH,C03,-0.6243438625822186,Control,Batch1
GSK3B,C03,-0.08644091344237737,Control,Batch1
HIF1A,C03,-0.7157208350426361,Control,Batch1
IGF1,C03,,Control,Batch1
IL6,C03,-0.3319932581503604,Control,Batch1
INS,C03,-0.692694182914046,Control,Batch1
JAK1,C03,-1.2749395590454817,Control,Batch1
JAK2,C03,1.238424559613831,Control,Batch1
JUN,C03,0.31581894444570224,Control,Batch1
LDLR,C03,-0.5429581091653626,Control,Batch1
LEP,C03,1.4115956514178745,Control,Batch1
MAPK1,C03,-0.22390148083738914,Control,Batch1
MMP2,C03,0.29184902827874915,Control,Batch1
MMP9,C03,0.0296181622623628,Control,Batch1
MTOR,C03,-0.8636821843955023,Control,Batch1
NFKB1,C03,0.4818810055086775,Control,Batch1
PIK3CA,C03,-0.5201460479410605,Control,Batch1
PTEN,C03,-0.01266570028882974,Control,Batch1
RELA,C03,1.084249645125423,Control,Batch1
S6K1,C03,0.4580025832556682,Control,Batch1
SOCS3,C03,,Control,Batch1
STAT1,C03,-0.3932640452771743,Control,Batch1
STAT3,C03,-0.8926066417513079,Control,Batch1
TGFB1,C03,0.059676906936278584,Control,Batch1
TNF,C03,-1.0352319089912418,Control,Batch1
VEGFA,C03,1.3849714791383452,Control,Batch1
VIM,C03,0.28185742976295813,Control,Batch1
ACTB,C04,-1.440395234232681,Control,Batch1
AKR1C3,C04,-0.06645486679225865,Control,Batch1
AKT1,C04,-0.15227811544152292,Control,Batch1
ALB,C04,1.5444904470939935,Control,Batch1
APOB,C04,0.08345396387481685,Control,Batch1
BCL2,C04,0.6663245504178832,Control,Batch1
CCL2,C04,0.2514256654758995,Control,Batch1
CRP,C04,0.8607271540103518,Control,Batch1
CXCL8,C04,0.32867412220122993,Control,Batch1
EGFR,C04,0.2913515284089385,Control,Batch1
ERK2,C04,-0.4278258007025961,Control,Batch1
FOS,C04,-0.9866956164321099,Control,Batch1
FOXO1,C04,0.4992040781436682,Control,Batch1
GAPDH,C04,-0.4609166766039339,Control,Batch1
GSK3B,C04,0.022923831891974444,Control,Batch1
HIF1A,C04,-0.4181024726813565,Control,Batch1
IGF1,C04,0.0596311858476426,Control,Batch1
IL6,C04,-0.1998507601452717,Control,Batch1
INS,C04,-0.7400484802054397,Control,Batch1
JAK1,C04,-1.3811047995959278,Control,Batch1
JAK2,C04,0.7850540675573132,Control,Batch1
JUN,C04,0.25523456368354225,Control,Batch1
LDLR,C04,-0.3934586208357178,Control,Batch1
LEP,C04,1.1363600516278822,Control,Batch1
MAPK1,C04,-0.178069547693255,Control,Batch1
MMP2,C04,0.3820252503178203,Control,Batch1
MMP9,C04,-0.1150766664235956,Control,Batch1
MTOR,C04,-0.6709094864846294,Control,Batch1
NFKB1,C04,0.6532506689665976,Control,Batch1
PIK3CA,C04,-0.6755031299520224,Control,Batch1
PTEN,C04,-0.10599526114461266,Control,Batch1
RELA,C04,0.8304422182799964,Control,Batch1
S6K1,C04,0.22750695064509863,Control,Batch1
SOCS3,C04,0.19175370986290652,Control,Batch1
STAT1,C04,-0.45398573928881714,Control,Batch1
STAT3,C04,-0.8761597226982616,Control,Batch1
TGFB1,C04,-0.02292383189197622,Control,Batch1
TNF,C04,-1.2988268086969876,Control,Batch1
VEGFA,C04,1.6993525735137105,Control,Batch1
VIM,C04,0.4053358795227755,Control,Batch1
ACTB,C05,-1.1681983458971494,Control,Batch1
AKR1C3,C05,0.426382521408204,Control,Batch1
AKT1,C05,-0.38494977228850313,Control,Batch1
ALB,C05,1.6691497097612995,Control,Batch1
APOB,C05,0.023373842619653473,Control,Batch1
BCL2,C05,0.6459182906816938,Control,Batch1
CCL2,C05,-0.2327321709029011,Control,Batch1
CRP,C05,0.7657321155032442,Control,Batch1
CXCL8,C05,0.5165102991620909,Control,Batch1
EGFR,C05,0.2858277368450963,Control,Batch1
ERK2,C05,-0.12455494971689429,Control,Batch1
FOS,C05,-0.7007616101383105,Control,Batch1
FOXO1,C05,-0.020266641962480847,Control,Batch1
GAPDH,C05,-0.6247483373511793,Control,Batch1
GSK3B,C05,-0.08311420668749925,Control,Batch1
HIF1A,C05,-0.666541008376548,Control,Batch1
IGF1,C05,-0.24136539197824547,Control,Batch1
IL6,C05,-0.13009184374692673,Control,Batch1
INS,C05,-0.5537118576981275,Control,Batch1
JAK1,C05,-1.5023269597481264,Control,Batch1
JAK2,C05,0.7713752752158456,Control,Batch1
JUN,C05,-0.08227073699556442,Control,Batch1
LDLR,C05,-0.37318398579820933,Control,Batch1
LEP,C05,1.4184986313379202,Control,Batch1
MAPK1,C05,0.08960068503572138,Control,Batch1
MMP2,C05,0.3435165137098686,Control,Batch1
MMP9,C05,0.0,Control,Batch1
MTOR,C05,-0.7919776703598096,Control,Batch1
NFKB1,C05,0.6215667325207086,Control,Batch1
PIK3CA,C05,,Control,Batch1
PTEN,C05,-0.05632202197910008,Control,Batch1
RELA,C05,1.4677388563615423,Control,Batch1
S6K1,C05,0.3475567792408736,Control,Batch1
SOCS3,C05,0.5777522703063145,Control,Batch1
STAT1,C05,0.05579984594809417,Control,Batch1
STAT3,C05,-1.0664515970550354,Control,Batch1
TGFB1,C05,0.012434444829706237,Control,Batch1
TNF,C05,-1.0489480086388063,Control,Batch1
VEGFA,C05,1.3384013160855481,Control,Batch1
VIM,C05,0.356201068643891,Control,Batch1
ACTB,C06,-1.5674698422504427,Control,Batch2
AKR1C3,C06,0.29614094078109154,Control,Batch2
AKT1,C06,-0.09539652761522,Control,Batch2
ALB,C06,1.2638585639361057,Control,Batch2
APOB,C06,-0.1970434457816559,Control,Batch2
BCL2,C06,1.0024667078500649,Control,Batch2
CCL2,C06,0.1801040287890121,Control,Batch2
CRP,C06,0.9736056456271065,Control,Batch2
CXCL8,C06,0.25553605829158776,Control,Batch2
EGFR,C06,0.6269794533223259,Control,Batch2
ERK2,C06,-0.06833637131183146,Control,Batch2
FOS,C06,-0.8895688566390474,Control,Batch2
FOXO1,C06,0.0955156230998373,Control,Batch2
GAPDH,C06,-0.4117463303217743,Control,Batch2
GSK3B,C06,-0.06336521822336039,Control,Batch2
HIF1A,C06,-0.7500772734046457,Control,Batch2
IGF1,C06,-0.1347316978431543,Control,Batch2
IL6,C06,-0.12694609789947187,Control,Batch2
INS,C06,-0.5387328155320548,Control,Batch2
JAK1,C06,-1.0415332962640962,Control,Batch2
JAK2,C06,0.7792742444267624,Control,Batch2
JUN,C06,0.2730843416124511,Control,Batch2
LDLR,C06,-0.590276822741572,Control,Batch2
LEP,C06,1.391239413595839,Control,Batch2
MAPK1,C06,-0.024081266126311007,Control,Batch2
MMP2,C06,0.09571297763269193,Control,Batch2
MMP9,C06,-0.0671720652982728,Control,Batch2
MTOR,C06,-0.9584449532622585,Control,Batch2
NFKB1,C06,0.7630135009705263,Control,Batch2
PIK3CA,C06,-0.553450323719451,Control,Batch2
PTEN,C06,0.024081266126311007,Control,Batch2
RELA,C06,1.0655120702211018,Control,Batch2
S6K1,C06,0.8011589869281384,Control,Batch2
SOCS3,C06,0.3928937797243801,Control,Batch2
STAT1,C06,-0.07643796566656746,Control,Batch2
STAT3,C06,-0.8874927242468793,Control,Batch2
TGFB1,C06,0.11685219314470885,Control,Batch2
TNF,C06,-0.996014689505782,Control,Batch2
VEGFA,C06,1.5604180743982976,Control,Batch2
VIM,C06,0.6091724995482775,Control,Batch2
ACTB,C07,-1.2583717866552693,Control,Batch2
AKR1C3,C07,0.15792951723647697,Control,Batch2
AKT1,C07,-0.24921832695954826,Control,Batch2
ALB,C07,1.5829528577835212,Control,Batch2
APOB,C07,-0.09844232122005891,Control,Batch2
BCL2,C07,1.047099296343685,Control,Batch2
CCL2,C07,0.049339496615484535,Control,Batch2
CRP,C07,0.691239788658967,Control,Batch2
CXCL8,C07,0.37393605583842593,Control,Batch2
EGFR,C07,0.502778205921798,Control,Batch2
ERK2,C07,-0.05556071669205487,Control,Batch2
FOS,C07,-0.591188742510738,Control,Batch2
FOXO1,C07,0.2352909412703177,Control,Batch2
GAPDH,C07,-0.44755261051971207,Control,Batch2
GSK3B,C07,-0.018888071366621517,Control,Batch2
HIF1A,C07,-0.5394273654627435,Control,Batch2
IGF1,C07,-0.06089508116968645,Control,Batch2
IL6,C07,-0.005938648809113545,Control,Batch2
INS,C07,-0.6521577617551504,Control,Batch2
JAK1,C07,-1.1545879591400494,Control,Batch2
JAK2,C07,0.841190825188054,Control,Batch2
JUN,C07,0.31061708512597264,Control,Batch2
LDLR,C07,-0.576515091344441,Control,Batch2
LEP,C07,1.576872982384499,Control,Batch2
MAPK1,C07,-0.3813609780706484,Control,Batch2
MMP2,C07,0.16601830050649014,Control,Batch2
MMP9,C07,0.044536312425346836,Control,Batch2
MTOR,C07,-0.7553533802985442,Control,Batch2
NFKB1,C07,0.5063721673535291,Control,Batch2
PIK3CA,C07,-0.3746493761628997,Control,Batch2
PTEN,C07,-0.3172345548091746,Control,Batch2
RELA,C07,1.0838621286377208,Control,Batch2
S6K1,C07,0.34497179623259555,Control,Batch2
SOCS3,C07,0.3540048287339701,Control,Batch2
STAT1,C07,0.005938648809115321,Control,Batch2
STAT3,C07,-0.8546265363988192,Control,Batch2
TGFB1,C07,-0.11563698627268337,Control,Batch2
TNF,C07,-1.2025473482298983,Control,Batch2
VEGFA,C07,1.641883515092534,Control,Batch2
VIM,C07,0.46668628838700776,Control,Batch2
ACTB,C08,-1.574477189578852,Control,Batch2
AKR1C3,C08,0.31573768695081483,Control,Batch2
AKT1,C08,-0.3036250884598113,Control,Batch2
ALB,C08,1.5399631518938701,Control,Batch2
APOB,C08,-0.3066215607623226,Control,Batch2
BCL2,C08,0.5586446545017107,Control,Batch2
CCL2,C08,0.21188220981425587,Control,Batch2
CRP,C08,0.7477663079211432,Control,Batch2
CXCL8,C08,0.21918111571953247,Control,Batch2
EGFR,C08,0.1701177144831263,Control,Batch2
ERK2,C08,-0.07179931744266632,Control,Batch2
FOS,C08,-0.9519485929100124,Control,Batch2
FOXO1,C08,0.24243782357063282,Control,Batch2
GAPDH,C08,-0.5915372499776783,Control,Batch2
GSK3B,C08,-0.03326986097105511,Control,Batch2
HIF1A,C08,-1.1967415764200489,Control,Batch2
IGF1,C08,-0.3673575353399938,Control,Batch2
IL6,C08,-0.2625081438204315,Control,Batch2
INS,C08,-0.7557117359225023,Control,Batch2
JAK1,C08,-1.5099950059102092,Control,Batch2
JAK2,C08,0.6695338433806732,Control,Batch2
JUN,C08,0.6331423768610822,Control,Batch2
LDLR,C08,-0.6323939642385517,Control,Batch2
LEP,C08,1.5013013257358132,Control,Batch2
MAPK1,C08,-0.11569548633715065,Control,Batch2
MMP2,C08,0.2913468859412731,Control,Batch2
MMP9,C08,0.03326986097105333,Control,Batch2
MTOR,C08,-0.6535748580490415,Control,Batch2
NFKB1,C08,0.43958078007171864,Control,Batch2
PIK3CA,C08,-0.7853918820796011,Control,Batch2
PTEN,C08,-0.3620944708328677,Control,Batch2
RELA,C08,1.0847922071877463,Control,Batch2
S6K1,C08,0.45911492619159766,Control,Batch2
SOCS3,C08,0.52689978235518,Control,Batch2
STAT1,C08,-0.20305714748490722,Control,Batch2
STAT3,C08,-1.1459796875601853,Control,Batch2
TGFB1,C08,0.29825559560986825,Control,Batch2
TNF,C08,-1.1257993413663563,Control,Batch2
VEGFA,C08,1.2255850498683412,Control,Batch2
VIM,C08,0.37164216504346825,Control,Batch2
ACTB,C09,-1.389615249659049,Control,Batch2
AKR1C3,C09,0.1474835606941305,Control,Batch2
AKT1,C09,-0.27521788033136296,Control,Batch2
ALB,C09,1.1170831600717328,Control,Batch2
APOB,C09,-0.04303584096453328,Control,Batch2
BCL2,C09,0.6613353556789949,Control,Batch2
CCL2,C09,0.0,Control,Batch2
CRP,C09,0.8792573523000673,Control,Batch2
CXCL8,C09,0.40549342278525735,Control,Batch2
EGFR,C09,0.43649343516383965,Control,Batch2
ERK2,C09,-0.03202433685674677,Control,Batch2
FOS,C09,-0.42325451447782125,Control,Batch2
FOXO1,C09,0.4151295815840754,Control,Batch2
GAPDH,C09,-0.6276785373422626,Control,Batch2
GSK3B,C09,-0.07521916839760046,Control,Batch2
HIF1A,C09,-0.6721170769721381,Control,Batch2
IGF1,C09,-0.17059168030771943,Control,Batch2
IL6,C09,0.08099717289681152,Control,Batch2
INS,C09,-0.5449463288198801,Control,Batch2
JAK1,C09,-1.4267066995613211,Control,Batch2
JAK2,C09,0.6764690796554902,Control,Batch2
JUN,C09,0.23934334632007825,Control,Batch2
LDLR,C09,-0.9130209450367124,Control,Batch2
LEP,C09,1.8617055245217333,Control,Batch2
MAPK1,C09,-0.15913588793620193,Control,Batch2
MMP2,C09,0.35091020816405916,Control,Batch2
MMP9,C09,0.28377888983037813,Control,Batch2
MTOR,C09,-0.8526606036857576,Control,Batch2
NFKB1,C09,0.3961903229506589,Control,Batch2
PIK3CA,C09,-0.6337919882023266,Control,Batch2
PTEN,C09,0.09857596543719893,Control,Batch2
RELA,C09,1.12494539996554,Control,Batch2
S6K1,C09,0.2098834943044654,Control,Batch2
SOCS3,C09,,Control,Batch2
STAT1,C09,-0.4519779144648419,Control,Batch2
STAT3,C09,-0.5973474969424339,Control,Batch2
TGFB1,C09,-0.17524771931651273,Control,Batch2
TNF,C09,-1.0587827677493227,Control,Batch2
VEGFA,C09,1.4659274940282216,Control,Batch2
VIM,C09,0.32094535533483715,Control,Batch2
ACTB,C10,-1.2592971967938453,Control,Batch2
AKR1C3,C10,-0.017018098297667095,Control,Batch2
AKT1,C10,0.1709551757053962,Control,Batch2
ALB,C10,1.2251255279719153,Control,Batch2
APOB,C10,,Control,Batch2
BCL2,C10,0.6907035457852171,Control,Batch2
CCL2,C10,0.12645696607770418,Control,Batch2
CRP,C10,0.9546589213463612,Control,Batch2
CXCL8,C10,0.8118504123208119,Control,Batch2
EGFR,C10,0.2598732352359825,Control,Batch2
ERK2,C10,-0.09502211779057035,Control,Batch2
FOS,C10,-0.8387725073776418,Control,Batch2
FOXO1,C10,0.19577286415586848,Control,Batch2
GAPDH,C10,-0.5636801250532155,Control,Batch2
GSK3B,C10,0.2414474787289187,Control,Batch2
HIF1A,C10,-0.5713161699081661,Control,Batch2
IGF1,C10,-0.2042059022690106,Control,Batch2
IL6,C10,-0.2238213983504771,Control,Batch2
INS,C10,-0.8429147063899132,Control,Batch2
JAK1,C10,-1.2495779738382335,Control,Batch2
JAK2,C10,0.6857494240945226,Control,Batch2
JUN,C10,0.33270263422459045,Control,Batch2
LDLR,C10,-0.7669537339561865,Control,Batch2
LEP,C10,1.6995268569602224,Control,Batch2
MAPK1,C10,-0.207211244892477,Control,Batch2
MMP2,C10,0.24173706609634849,Control,Batch2
MMP9,C10,-0.2200551342407584,Control,Batch2
MTOR,C10,-0.5601202659755851,Control,Batch2
NFKB1,C10,0.49685079760163475,Control,Batch2
PIK3CA,C10,-0.6409364767546561,Control,Batch2
PTEN,C10,0.0,Control,Batch2
RELA,C10,1.0831186552470342,Control,Batch2
S6K1,C10,0.3346131151615328,Control,Batch2
SOCS3,C10,0.17322040434990704,Control,Batch2
STAT1,C10,-0.33870645095224017,Control,Batch2
STAT3,C10,-0.8434411905605081,Control,Batch2
TGFB1,C10,-0.20826274832449787,Control,Batch2
TNF,C10,-1.2705391980552543,Control,Batch2
VEGFA,C10,0.8976697295307723,Control,Batch2
VIM,C10,0.31176988152769347,Control,Batch2
ACTB,D01,-2.1506883683064633,Disease,Batch1
AKR1C3,D01,-0.015809613074592832,Disease,Batch1
AKT1,D01,0.30713059711640867,Disease,Batch1
ALB,D01,-0.35693473666961495,Disease,Batch1
APOB,D01,-0.4327135040964514,Disease,Batch1
BCL2,D01,-0.8285613215306125,Disease,Batch1
CCL2,D01,1.0100222308336768,Disease,Batch1
CRP,D01,2.262165604347235,Disease,Batch1
CXCL8,D01,1.0311191307285128,Disease,Batch1
EGFR,D01,0.9314720593750287,Disease,Batch1
ERK2,D01,0.08171063496120112,Disease,Batch1
FOS,D01,-0.3837429925986928,Disease,Batch1
FOXO1,D01,-0.9679602367951841,Disease,Batch1
GAPDH,D01,-1.051875869826831,Disease,Batch1
GSK3B,D01,-0.37360294319837806,Disease,Batch1
HIF1A,D01,-1.0042024339727433,Disease,Batch1
IGF1,D01,-1.7168758415954954,Disease,Batch1
IL6,D01,1.385462276693934,Disease,Batch1
INS,D01,-2.563588009232727,Disease,Batch1
JAK1,D01,-0.9166978583384715,Disease,Batch1
JAK2,D01,0.8503034399543612,Disease,Batch1
JUN,D01,0.844190989133045,Disease,Batch1
LDLR,D01,-0.17616697954498406,Disease,Batch1
LEP,D01,1.6966229031429503,Disease,Batch1
MAPK1,D01,0.2967514422293984,Disease,Batch1
MMP2,D01,0.4386332770809247,Disease,Batch1
MMP9,D01,0.9587126580616516,Disease,Batch1
MTOR,D01,-1.1412952476828115,Disease,Batch1
NFKB1,D01,0.8167526682388573,Disease,Batch1
PIK3CA,D01,-0.46177470477920046,Disease,Batch1
PTEN,D01,-1.2918577843310652,Disease,Batch1
RELA,D01,0.9725491239720832,Disease,Batch1
S6K1,D01,0.6316701529408242,Disease,Batch1
SOCS3,D01,0.018565181536493114,Disease,Batch1
STAT1,D01,0.015809613074592832,Disease,Batch1
STAT3,D01,-0.8711507507456586,Disease,Batch1
TGFB1,D01,0.2907661542827551,Disease,Batch1
TNF,D01,-0.12838782450760355,Disease,Batch1
VEGFA,D01,1.7687230703784813,Disease,Batch1
VIM,D01,-0.20630647687134207,Disease,Batch1
ACTB,D02,-2.007589343081003,Disease,Batch1
AKR1C3,D02,-0.13552352168417592,Disease,Batch1
AKT1,D02,0.17661674779289172,Disease,Batch1
ALB,D02,0.019078442562900477,Disease,Batch1
APOB,D02,,Disease,Batch1
BCL2,D02,-0.6944729624758814,Disease,Batch1
CCL2,D02,1.1324050730035324,Disease,Batch1
CRP,D02,1.9890839671961338,Disease,Batch1
CXCL8,D02,1.5481983170981568,Disease,Batch1
EGFR,D02,1.116301241335277,Disease,Batch1
ERK2,D02,-0.14718788757340384,Disease,Batch1
FOS,D02,-0.12189420311941213,Disease,Batch1
FOXO1,D02,-1.0801025647889393,Disease,Batch1
GAPDH,D02,-1.0402365792673613,Disease,Batch1
GSK3B,D02,-0.18876590731219345,Disease,Batch1
HIF1A,D02,-0.47473656451940727,Disease,Batch1
IGF1,D02,-1.8161546829925523,Disease,Batch1
IL6,D02,1.0658965667412215,Disease,Batch1
INS,D02,-2.382119872234668,Disease,Batch1
JAK1,D02,-1.206403558700294,Disease,Batch1
JAK2,D02,0.8158271872248815,Disease,Batch1
JUN,D02,0.6975216783441898,Disease,Batch1
LDLR,D02,-0.06866554181904938,Disease,Batch1
LEP,D02,1.6961955377551945,Disease,Batch1
MAPK1,D02,0.42967424172303126,Disease,Batch1
MMP2,D02,0.7049386467629777,Disease,Batch1
MMP9,D02,0.28083546414518956,Disease,Batch1
MTOR,D02,-0.4643540607234016,Disease,Batch1
NFKB1,D02,0.9425411479226646,Disease,Batch1
PIK3CA,D02,-0.0875957468080788,Disease,Batch1
PTEN,D02,-1.1979780584000954,Disease,Batch1
RELA,D02,1.257143447672437,Disease,Batch1
S6K1,D02,0.2575165855603512,Disease,Batch1
SOCS3,D02,0.46528484144872806,Disease,Batch1
STAT1,D02,-0.23481619611126625,Disease,Batch1
STAT3,D02,-0.4810918542593754,Disease,Batch1
TGFB1,D02,0.28225009940178936,Disease,Batch1
TNF,D02,-0.0344037171882956,Disease,Batch1
VEGFA,D02,1.9650951960036007,Disease,Batch1
VIM,D02,0.0,Disease,Batch1
ACTB,D03,-1.876852786299784,Disease,Batch1
AKR1C3,D03,-0.5388477841649255,Disease,Batch1
AKT1,D03,0.3954466523447788,Disease,Batch1
ALB,D03,0.07711313196744563,Disease,Batch1
APOB,D03,-0.41290071646612425,Disease,Batch1
BCL2,D03,-0.8294770969628456,Disease,Batch1
CCL2,D03,0.6408996379441234,Disease,Batch1
CRP,D03,1.7957628461557906,Disease,Batch1
CXCL8,D03,1.0147664791778581,Disease,Batch1
EGFR,D03,0.6087414415762407,Disease,Batch1
ERK2,D03,0.10950021306459234,Disease,Batch1
FOS,D03,-0.6094990260428137,Disease,Batch1
FOXO1,D03,-1.173822988342641,Disease,Batch1
GAPDH,D03,-1.425977763942237,Disease,Batch1
GSK3B,D03,-0.3538967486912483,Disease,Batch1
HIF1A,D03,-0.7392990857864081,Disease,Batch1
IGF1,D03,-1.792217237370707,Disease,Batch1
IL6,D03,0.6793719371498401,Disease,Batch1
INS,D03,-2.4108365465561103,Disease,Batch1
JAK1,D03,-1.5498589938548522,Disease,Batch1
JAK2,D03,0.665715258308321,Disease,Batch1
JUN,D03,0.9939756848896621,Disease,Batch1
LDLR,D03,-0.529202364208178,Disease,Batch1
LEP,D03,1.826839482630323,Disease,Batch1
MAPK1,D03,0.2921086022759276,Disease,Batch1
MMP2,D03,0.248859968691864,Disease,Batch1
MMP9,D03,0.4852738041140867,Disease,Batch1
MTOR,D03,-0.7162441860668185,Disease,Batch1
NFKB1,D03,0.5206772917357796,Disease,Batch1
PIK3CA,D03,-0.2135235945260714,Disease,Batch1
PTEN,D03,-1.258347606225513,Disease,Batch1
RELA,D03,1.3914274059147154,Disease,Batch1
S6K1,D03,0.5769952495628488,Disease,Batch1
SOCS3,D03,0.006109619918435172,Disease,Batch1
STAT1,D03,-0.0061096199184333955,Disease,Batch1
STAT3,D03,-0.8943303512931307,Disease,Batch1
TGFB1,D03,0.13247623471909975,Disease,Batch1
TNF,D03,-0.060011855001775416,Disease,Batch1
VEGFA,D03,1.6663403436619486,Disease,Batch1
VIM,D03,-0.26639473901448874,Disease,Batch1
ACTB,D04,-2.141390972290906,Disease,Batch1
AKR1C3,D04,-0.36596938225956777,Disease,Batch1
AKT1,D04,0.04807176735306484,Disease,Batch1
ALB,D04,0.23881485148310055,Disease,Batch1
APOB,D04,-0.43973639878466386,Disease,Batch1
BCL2,D04,-0.7665002644845735,Disease,Batch1
CCL2,D04,0.8171778249444355,Disease,Batch1
CRP,D04,2.322320281011578,Disease,Batch1
CXCL8,D04,1.2405426563315416,Disease,Batch1
EGFR,D04,0.6630817319439419,Disease,Batch1
ERK2,D04,0.08998777349173004,Disease,Batch1
FOS,D04,-0.3265656046743146,Disease,Batch1
FOXO1,D04,-1.2965137250551262,Disease,Batch1
GAPDH,D04,-1.2117029487195943,Disease,Batch1
GSK3B,D04,0.0061459171634172804,Disease,Batch1
HIF1A,D04,-0.854545207455903,Disease,Batch1
IGF1,D04,-1.686554320131492,Disease,Batch1
IL6,D04,0.6613347038354149,Disease,Batch1
INS,D04,-2.2960176412586932,Disease,Batch1
JAK1,D04,-1.3030919576474194,Disease,Batch1
JAK2,D04,0.8336199963563953,Disease,Batch1
JUN,D04,0.9440505803422212,Disease,Batch1
LDLR,D04,-0.3601605675563473,Disease,Batch1
LEP,D04,1.5210871106770796,Disease,Batch1
MAPK1,D04,-0.006145917163419057,Disease,Batch1
MMP2,D04,0.4742554034745634,Disease,Batch1
MMP9,D04,0.6389272745693599,Disease,Batch1
MTOR,D04,-0.7652989252519014,Disease,Batch1
NFKB1,D04,0.8636311718884144,Disease,Batch1
PIK3CA,D04,-0.2391580651411651,Disease,Batch1
PTEN,D04,-1.3976339994646558,Disease,Batch1
RELA,D04,1.3152736610387485,Disease,Batch1
S6K1,D04,0.3985849136870314,Disease,Batch1
SOCS3,D04,0.5728849123065949,Disease,Batch1
STAT1,D04,-0.15727285283628412,Disease,Batch1
STAT3,D04,-0.556777365796929,Disease,Batch1
TGFB1,D04,0.15367191549892567,Disease,Batch1
TNF,D04,-0.044841653225399014,Disease,Batch1
VEGFA,D04,2.2052104073049605,Disease,Batch1
VIM,D04,-0.1180230020438433,Disease,Batch1
ACTB,D05,-1.8191270099608694,Disease,Batch1
AKR1C3,D05,-0.4213208601696312,Disease,Batch1
AKT1,D05,0.37341791709284955,Disease,Batch1
ALB,D05,0.049726488225518395,Disease,Batch1
APOB,D05,-0.24828590812511742,Disease,Batch1
BCL2,D05,-0.5665411368513062,Disease,Batch1
CCL2,D05,0.8598967370309776,Disease,Batch1
CRP,D05,2.2201538208703173,Disease,Batch1
CXCL8,D05,1.5895003452719099,Disease,Batch1
EGFR,D05,0.9403540321770567,Disease,Batch1
ERK2,D05,0.16948702614168099,Disease,Batch1
FOS,D05,-0.06422385148807663,Disease,Batch1
FOXO1,D05,-1.1414978662782644,Disease,Batch1
GAPDH,D05,-1.0263342358457885,Disease,Batch1
GSK3B,D05,-0.150931396604026,Disease,Batch1
HIF1A,D05,-0.5978938014104838,Disease,Batch1
IGF1,D05,-1.4469893175084207,Disease,Batch1
IL6,D05,1.008939233874333,Disease,Batch1
INS,D05,-2.01841803837127,Disease,Batch1
JAK1,D05,-1.239949603022386,Disease,Batch1
JAK2,D05,0.8365655018802443,Disease,Batch1
JUN,D05,1.019087230570495,Disease,Batch1
LDLR,D05,-0.33991694744440437,Disease,Batch1
LEP,D05,2.1563905114387225,Disease,Batch1
MAPK1,D05,0.15725385500758193,Disease,Batch1
MMP2,D05,0.40738204306999926,Disease,Batch1
MMP9,D05,0.6516075592385864,Disease,Batch1
MTOR,D05,-0.626961816747512,Disease,Batch1
NFKB1,D05,1.019115766498432,Disease,Batch1
PIK3CA,D05,-0.2143053257001899,Disease,Batch1
PTEN,D05,-1.3725732619372426,Disease,Batch1
RELA,D05,1.4278704911700881,Disease,Batch1
S6K1,D05,0.23794439128822198,Disease,Batch1
SOCS3,D05,-0.04972648822551662,Disease,Batch1
STAT1,D05,-0.11348318088260356,Disease,Batch1
STAT3,D05,-0.42190654460509336,Disease,Batch1
TGFB1,D05,0.10636415036305458,Disease,Batch1
TNF,D05,-0.4145076631798137,Disease,Batch1
VEGFA,D05,1.7219497702084965,Disease,Batch1
VIM,D05,0.27138851311512546,Disease,Batch1
ACTB,D06,-2.2275176399476173,Disease,Batch2
AKR1C3,D06,-0.5672323421106071,Disease,Batch2
AKT1,D06,-0.07153696828301825,Disease,Batch2
ALB,D06,0.274921409976141,Disease,Batch2
APOB,D06,-0.4699828773454353,Disease,Batch2
BCL2,D06,-0.5727580212417642,Disease,Batch2
CCL2,D06,0.773168815200032,Disease,Batch2
CRP,D06,1.9709909061571604,Disease,Batch2
CXCL8,D06,1.3504408252783158,Disease,Batch2
EGFR,D06,0.8046373698035847,Disease,Batch2
ERK2,D06,-0.16383072417779054,Disease,Batch2
FOS,D06,-0.6434753454565865,Disease,Batch2
FOXO1,D06,,Disease,Batch2
GAPDH,D06,-1.516695684631209,Disease,Batch2
GSK3B,D06,-0.05519805524840571,Disease,Batch2
HIF1A,D06,-0.3576886388814753,Disease,Batch2
IGF1,D06,-1.5901452341928435,Disease,Batch2
IL6,D06,0.8272520817952564,Disease,Batch2
INS,D06,-2.1842222412224777,Disease,Batch2
JAK1,D06,-1.7309177721739397,Disease,Batch2
JAK2,D06,1.0985613229842315,Disease,Batch2
JUN,D06,0.658392922263042,Disease,Batch2
LDLR,D06,0.10363775428305111,Disease,Batch2
LEP,D06,1.9844083393381204,Disease,Batch2
MAPK1,D06,0.21792068433679113,Disease,Batch2
MMP2,D06,0.34997528795054933,Disease,Batch2
MMP9,D06,0.4343242935019216,Disease,Batch2
MTOR,D06,-1.055859977128713,Disease,Batch2
NFKB1,D06,0.7949004185171553,Disease,Batch2
PIK3CA,D06,-0.4814651912383887,Disease,Batch2
PTEN,D06,-1.2518450814238946,Disease,Batch2
RELA,D06,0.994459260640733,Disease,Batch2
S6K1,D06,0.39840298800253215,Disease,Batch2
SOCS3,D06,0.5757641355091092,Disease,Batch2
STAT1,D06,0.027338542776302432,Disease,Batch2
STAT3,D06,-0.8327953821063847,Disease,Batch2
TGFB1,D06,-0.10755603336860098,Disease,Batch2
TNF,D06,-0.3899545001089102,Disease,Batch2
VEGFA,D06,1.8455483946593016,Disease,Batch2
VIM,D06,0.0,Disease,Batch2
ACTB,D07,-1.8002827527693697,Disease,Batch2
AKR1C3,D07,-0.023093530666205453,Disease,Batch2
AKT1,D07,0.17065306652875023,Disease,Batch2
ALB,D07,-0.13812474939024533,Disease,Batch2
APOB,D07,-0.2547732329573158,Disease,Batch2
BCL2,D07,-0.20730368307667746,Disease,Batch2
CCL2,D07,1.3370727416290222,Disease,Batch2
CRP,D07,2.5134487396465186,Disease,Batch2
CXCL8,D07,1.273399263128983,Disease,Batch2
EGFR,D07,1.1720343926460561,Disease,Batch2
ERK2,D07,-8.325648849627498e-05,Disease,Batch2
FOS,D07,-0.19237136738462368,Disease,Batch2
FOXO1,D07,-1.0770689821757475,Disease,Batch2
GAPDH,D07,-0.9898749980858472,Disease,Batch2
GSK3B,D07,-0.3798080381842901,Disease,Batch2
HIF1A,D07,-0.6051545260606108,Disease,Batch2
IGF1,D07,-1.2467182392209741,Disease,Batch2
IL6,D07,1.1245183734056123,Disease,Batch2
INS,D07,-2.2388670074771317,Disease,Batch2
JAK1,D07,-1.1267283511025372,Disease,Batch2
JAK2,D07,0.47919092084373105,Disease,Batch2
JUN,D07,1.2031085414097191,Disease,Batch2
LDLR,D07,-0.12051440586554385,Disease,Batch2
LEP,D07,1.8161804015445675,Disease,Batch2
MAPK1,D07,0.46241429088130026,Disease,Batch2
MMP2,D07,0.7154606392042702,Disease,Batch2
MMP9,D07,0.6374711033204452,Disease,Batch2
MTOR,D07,-0.6091156109961791,Disease,Batch2
NFKB1,D07,1.186828283512467,Disease,Batch2
PIK3CA,D07,-0.17389171445195295,Disease,Batch2
PTEN,D07,-1.334681425997056,Disease,Batch2
RELA,D07,1.0368721160669274,Disease,Batch2
S6K1,D07,0.5881522972204749,Disease,Batch2
SOCS3,D07,0.4369080346284999,Disease,Batch2
STAT1,D07,0.10785604588228637,Disease,Batch2
STAT3,D07,-0.3831419602239716,Disease,Batch2
TGFB1,D07,0.1961174752888457,Disease,Batch2
TNF,D07,8.325648849627498e-05,Disease,Batch2
VEGFA,D07,2.076812607491382,Disease,Batch2
VIM,D07,-0.08696378109279124,Disease,Batch2
ACTB,D08,-1.7434016794779579,Disease,Batch2
AKR1C3,D08,0.046652979660464666,Disease,Batch2
AKT1,D08,0.3379250513846497,Disease,Batch2
ALB,D08,-0.30355185239775295,Disease,Batch2
APOB,D08,-0.47797090506307427,Disease,Batch2
BCL2,D08,-0.7733340255184533,Disease,Batch2
CCL2,D08,0.984951159949139,Disease,Batch2
CRP,D08,2.1478262918229216,Disease,Batch2
CXCL8,D08,1.231402129087206,Disease,Batch2
EGFR,D08,0.8447890127828295,Disease,Batch2
ERK2,D08,0.27683790798265306,Disease,Batch2
FOS,D08,-0.2860630853579824,Disease,Batch2
FOXO1,D08,-0.8189927996526745,Disease,Batch2
GAPDH,D08,-1.3141886357267474,Disease,Batch2
GSK3B,D08,-0.17157464958342672,Disease,Batch2
HIF1A,D08,-0.7004472728393392,Disease,Batch2
IGF1,D08,-1.8796501692951617,Disease,Batch2
IL6,D08,0.9739445304900141,Disease,Batch2
INS,D08,-2.3207375159084584,Disease,Batch2
JAK1,D08,-1.2657600169691516,Disease,Batch2
JAK2,D08,1.0456001932982577,Disease,Batch2
JUN,D08,0.5910358477363502,Disease,Batch2
LDLR,D08,-0.45229958279256444,Disease,Batch2
LEP,D08,1.4850312772847971,Disease,Batch2
MAPK1,D08,0.09332827878486327,Disease,Batch2
MMP2,D08,0.5590192222621617,Disease,Batch2
MMP9,D08,0.4789564137439051,Disease,Batch2
MTOR,D08,-0.6125309347155721,Disease,Batch2
NFKB1,D08,0.6024864550111122,Disease,Batch2
PIK3CA,D08,-0.2671006957312656,Disease,Batch2
PTEN,D08,-1.192325356400005,Disease,Batch2
RELA,D08,1.0851228116932763,Disease,Batch2
S6K1,D08,0.4177817630845002,Disease,Batch2
SOCS3,D08,0.2742800039930984,Disease,Batch2
STAT1,D08,-0.1443217864348938,Disease,Batch2
STAT3,D08,-0.5894856230416394,Disease,Batch2
TGFB1,D08,-0.046652979660464666,Disease,Batch2
TNF,D08,-0.10737814684712355,Disease,Batch2
VEGFA,D08,2.205471969209526,Disease,Batch2
VIM,D08,0.08070243428467094,Disease,Batch2
ACTB,D09,-2.4994630347161193,Disease,Batch2
AKR1C3,D09,-0.6004671724084325,Disease,Batch2
AKT1,D09,0.38373101983055413,Disease,Batch2
ALB,D09,-0.058624592612043,Disease,Batch2
APOB,D09,0.03961464603104048,Disease,Batch2
BCL2,D09,-0.4681352599565134,Disease,Batch2
CCL2,D09,0.6334123466990302,Disease,Batch2
CRP,D09,2.287595357284868,Disease,Batch2
CXCL8,D09,1.4308013980654142,Disease,Batch2
EGFR,D09,0.7023356866394668,Disease,Batch2
ERK2,D09,0.028467473191705395,Disease,Batch2
FOS,D09,-0.2437968648996094,Disease,Batch2
FOXO1,D09,-1.231223116528664,Disease,Batch2
GAPDH,D09,-1.143891592266554,Disease,Batch2
GSK3B,D09,-0.11119314772450295,Disease,Batch2
HIF1A,D09,-0.8794949337874716,Disease,Batch2
IGF1,D09,-1.6361928868624185,Disease,Batch2
IL6,D09,0.8239695602917116,Disease,Batch2
INS,D09,-2.5494528776176075,Disease,Batch2
JAK1,D09,-1.1505576493620016,Disease,Batch2
JAK2,D09,1.02174130110496,Disease,Batch2
JUN,D09,0.8973203224261823,Disease,Batch2
LDLR,D09,-0.6529546891309295,Disease,Batch2
LEP,D09,1.9854095263741023,Disease,Batch2
MAPK1,D09,0.09447803230070129,Disease,Batch2
MMP2,D09,0.5051930204276047,Disease,Batch2
MMP9,D09,0.40992793223571056,Disease,Batch2
MTOR,D09,-0.46247326303103975,Disease,Batch2
NFKB1,D09,0.4660476707568737,Disease,Batch2
PIK3CA,D09,-0.4015049847131671,Disease,Batch2
PTEN,D09,-1.623958894688248,Disease,Batch2
RELA,D09,1.0661119480263501,Disease,Batch2
S6K1,D09,-0.028467473191705395,Disease,Batch2
SOCS3,D09,0.1419199350073299,Disease,Batch2
STAT1,D09,0.0776484945212772,Disease,Batch2
STAT3,D09,-0.5674983545880288,Disease,Batch2
TGFB1,D09,0.1990746869300839,Disease,Batch2
TNF,D09,-0.1588340279730609,Disease,Batch2
VEGFA,D09,1.6359045964684995,Disease,Batch2
VIM,D09,-0.26065263234554514,Disease,Batch2
ACTB,D10,-2.1267645234569965,Disease,Batch2
AKR1C3,D10,-0.1761468992957873,Disease,Batch2
AKT1,D10,0.3528969732664713,Disease,Batch2
ALB,D10,0.09174942121931906,Disease,Batch2
APOB,D10,-0.23644479131810137,Disease,Batch2
BCL2,D10,-0.6125876364219938,Disease,Batch2
CCL2,D10,1.0968302561700956,Disease,Batch2
CRP,D10,,Disease,Batch2
CXCL8,D10,1.2482514567689833,Disease,Batch2
EGFR,D10,1.2916107785065964,Disease,Batch2
ERK2,D10,0.22950117363387257,Disease,Batch2
FOS,D10,-0.5359324625566835,Disease,Batch2
FOXO1,D10,-0.5152588976472874,Disease,Batch2
GAPDH,D10,-1.312742353570079,Disease,Batch2
GSK3B,D10,-0.18527192564624784,Disease,Batch2
HIF1A,D10,-0.8785383111529939,Disease,Batch2
IGF1,D10,-1.6889653932183402,Disease,Batch2
IL6,D10,0.7558995425385309,Disease,Batch2
INS,D10,-2.301086309240535,Disease,Batch2
JAK1,D10,-0.8718190507173595,Disease,Batch2
JAK2,D10,0.49547937184281565,Disease,Batch2
JUN,D10,1.2572117054088263,Disease,Batch2
LDLR,D10,-0.6988741002483199,Disease,Batch2
LEP,D10,1.7923389740997528,Disease,Batch2
MAPK1,D10,0.0,Disease,Batch2
MMP2,D10,0.6649911184561645,Disease,Batch2
MMP9,D10,0.7401856131703486,Disease,Batch2
MTOR,D10,-0.750539183152874,Disease,Batch2
NFKB1,D10,0.4411595197710554,Disease,Batch2
PIK3CA,D10,-0.21488285713225963,Disease,Batch2
PTEN,D10,-1.0610021839859254,Disease,Batch2
RELA,D10,1.3242795843600526,Disease,Batch2
S6K1,D10,0.19453193196099683,Disease,Batch2
SOCS3,D10,0.3830935184372102,Disease,Batch2
STAT1,D10,,Disease,Batch2
STAT3,D10,-0.3028027992884308,Disease,Batch2
TGFB1,D10,0.06832645346539934,Disease,Batch2
TNF,D10,,Disease,Batch2
VEGFA,D10,2.1749729062895877,Disease,Batch2
VIM,D10,-0.48281783431278313,Disease,Batch2
